Recipe_ID,calories,TotalFat,SaturatedFat,Cholesterol,Sodium,Potassium,TotalCarbohydrates,DietaryFiber,Protein,Sugars,VitaminA,VitaminC,Calcium,Iron,Thiamin,Niacin,VitaminB6,Magnesium,Folate
26303,293.0,7.8,1.0,0,318,434,47.6,3.2,8.6,5,422,7,26,3,1,7,0,43,138
13891,397.0,8.3,5.0,19,311,354,59.5,3.3,20.2,3,682,6,253,3,1,10,0,58,192
270294,403.0,20.8,8.0,55,1008,463,35.7,3.9,18.3,5,215,37,65,3,1,9,0,47,137
146873,920.0,44.5,7.0,162,869,1284,87.6,8.7,43.7,13,3990,32,572,8,1,17,1,127,235
260356,666.0,40.2,20.0,112,716,991,59.4,5.8,19.8,12,2506,47,368,3,1,10,1,89,224
12020,729.0,42.4,15.0,63,968,584,71.7,5.0,16.9,9,1882,14,229,5,1,11,0,71,208
231976,540.0,11.4,2.0,33,1006,658,77.9,3.8,32.9,11,100,5,166,5,0,11,0,865,20
237912,584.0,41.4,6.0,0,886,228,45.6,2.8,8.1,3,140,3,56,13,1,6,0,47,138
19294,798.0,28.2,9.0,39,752,1099,106.7,8.8,25.5,6,2065,24,114,7,2,18,1,118,309
236196,807.0,37.6,10.0,34,1279,1303,88.5,14.3,35.6,25,1482,8,388,7,0,22,1,209,88
259299,604.0,28.9,15.0,258,179,232,47.1,2.4,33.6,2,1809,3,201,4,1,11,0,43,152
236676,758.0,21.1,3.0,0,54,431,130.5,4.2,13.5,2,1010,32,18,2,0,2,0,40,34
234650,430.0,16.3,6.0,106,208,395,48.3,4.1,22.3,3,1552,26,124,5,0,8,0,64,146
19292,457.0,20.2,10.0,38,518,538,56.9,7.5,14.4,6,1291,54,94,4,1,11,0,45,156
81304,251.0,3.5,1.0,2,151,70,46.4,3.2,8.2,2,18,2,39,2,0,3,0,29,100
152329,890.0,15.9,6.0,154,2013,809,116.4,4.4,68.1,31,213,3,69,6,1,45,1,125,282
278316,466.0,17.0,5.0,60,806,920,56.8,5.4,22.7,10,2189,32,123,5,1,13,0,72,170
232588,929.0,45.3,9.0,78,319,388,104.3,5.0,25.2,5,349,3,100,6,1,16,0,84,298
14124,279.0,1.6,0.0,0,468,496,57.8,4.4,10.3,6,2838,16,33,3,1,7,0,52,175
46733,504.0,11.4,3.0,66,899,786,72.0,3.7,28.5,26,701,28,86,5,0,14,1,63,117
217380,926.0,30.3,11.0,149,802,1344,100.4,7.1,60.6,10,6056,12,100,10,1,30,1,120,294
278805,692.0,21.5,2.0,0,1815,816,85.9,8.4,14.2,11,469,25,110,6,1,11,0,82,232
257751,662.0,19.6,10.0,269,691,657,73.0,4.4,47.8,8,1083,4,410,7,0,17,0,64,100
204778,466.0,23.5,7.0,120,1121,499,44.5,8.3,20,8,852,13,399,3,0,7,0,44,111
53075,370.0,18.6,10.0,55,848,452,31.6,5.4,19.6,3,938,10,324,3,0,7,0,50,61
260696,101.0,5.2,3.0,34,308,243,5.3,1.9,9,2,190,33,241,1,0,2,0,18,44
233222,125.0,5.8,2.0,7,439,57,13.8,0.4,4.3,3,109,1,75,1,0,2,0,7,17
222587,440.0,28.2,10.0,43,627,446,32.5,2.5,14.4,3,379,17,274,2,0,4,0,31,21
24372,83.0,0.6,0.0,0,196,115,17.4,2.9,3.5,2,2,0,9,1,0,3,0,34,29
23702,235.0,13.1,5.0,24,758,40,16.4,0.8,11,4,369,5,238,1,0,2,0,8,3
258220,327.0,15.4,7.0,46,681,113,32,1,14.5,5,425,1,169,2,0,3,0,15,16
57243,457.0,21.9,7.0,61,767,151,37.9,2.9,29.7,2,332,8,213,1,0,7,0,22,7
26897,287.0,12.9,4.0,19,585,78,31,1.9,11.6,5,226,1,164,2,0,1,0,17,11
273070,336.0,24.3,8.0,77,639,115,8.5,3.6,22,2,430,1,481,1,0,5,0,18,41
244636,385.0,25.6,17.0,98,609,173,6.4,0.5,31,1,812,9,670,0,0,5,0,26,16
231803,324.0,12.2,4.0,74,754,298,27.1,9,32.9,10,466,4,246,1,0,12,0,32,15
218720,341.0,14.4,7.0,55,787,234,29,2.5,22.3,2,595,6,348,3,0,8,0,27,50
215435,426.0,28.2,11.0,44,1135,98,24.3,0.2,16.1,5,176,2,183,1,0,4,0,11,3
14873,75.0,4.8,3.0,15,164,57,6,0.7,1.8,1,1116,9,18,0,0,1,0,3,6
259219,560.0,23.7,8.0,219,862,332,67.7,3.3,27.8,3,749,6,153,2,0,5,0,22,38
281041,331.0,12.2,6.0,48,930,137,33.9,5.6,21.3,6,358,6,348,1,0,4,0,18,6
244459,433.0,27.1,17.0,85,1141,296,21.5,1.2,26.1,3,895,14,459,2,0,5,0,21,13
228416,411.0,19.7,11.0,56,897,199,39.3,1.3,18.5,7,593,0,340,2,0,4,0,33,47
229489,326.0,19.6,10.0,180,772,254,15.2,0.3,22.6,3,942,2,454,2,0,6,0,29,40
32148,378.0,10.3,5.0,53,793,223,50,1.5,22.3,22,428,2,129,1,0,6,0,23,10
235657,69.0,3.6,0.0,0,82,451,8.3,3.8,3,4,152,67,35,1,0,1,0,23,82
242008,533.0,12.3,5.0,18,1186,20,87.1,7.7,18.9,6,1934,34,301,10,0,1,0,5,1
85426,327.0,18.6,11.0,48,241,108,28.1,1.7,8.6,1,720,4,110,1,0,4,0,23,68
34785,199.0,14.2,2.0,0,69,801,10.3,3.1,5.6,4,7154,33,94,3,0,5,0,73,166
63310,156.0,9.5,6.0,23,283,177,14.9,3.7,4.7,2,996,10,102,1,0,2,0,24,46
83038,221.0,16.2,4.0,25,1261,310,10.5,4.2,10.3,1,8634,23,105,2,0,2,0,58,107
235798,160.0,7.2,2.0,10,583,104,15,3.5,8.7,1,242,5,55,2,0,2,0,9,11
75036,19.0,0.2,0.0,0,394,146,4.1,0.8,0.8,0,520,16,17,0,0,1,0,9,11
18318,188.0,18.4,8.0,31,525,247,5.2,2.4,2.8,2,1213,7,36,8,0,2,0,24,60
21092,100.0,1,0.0,0,34,1213,22.2,6.3,4.6,15,4147,66,62,2,0,4,0,57,78
246628,806.0,36,12.0,54,633,317,87.8,3.9,31.6,3,219,1,585,5,1,15,0,84,273
172661,66.0,3.2,1.0,45,121,76,6.5,0.4,2.8,0,121,3,18,1,0,1,0,7,25
234616,156.0,9.1,4.0,31,214,44,13.3,0.4,5,0,295,1,103,1,0,2,0,8,25
18308,683.0,57.8,9.0,38,805,95,34.7,1.3,7.3,2,98,0,97,2,0,4,0,22,66
206583,205.0,18.3,5.0,17,216,326,7.1,1.6,4,4,1157,18,115,1,0,2,0,19,25
265519,268.0,27.3,4.0,0,93,342,5.2,1.5,1.8,2,552,26,29,1,0,1,0,23,40
57844,252.0,16.4,3.0,29,274,62,18.8,0.8,6.3,1,158,2,99,1,0,2,0,9,19
233998,599.0,25.3,10.0,38,1053,816,76.5,8.8,21.6,5,1896,154,223,4,0,9,0,44,190
143652,428.0,21.1,12.0,56,1013,289,37.5,3.4,22.4,7,1664,20,567,4,0,4,0,30,17
24775,172.0,7.9,4.0,16,294,388,23.5,2.2,2.8,2,210,10,40,0,0,2,0,24,10
13829,251.0,10.8,3.0,11,222,821,34.2,4.2,5.4,2,133,37,73,2,0,3,1,46,31
38624,276.0,8.9,2.0,2,53,145,41.9,2.2,8.6,2,189,1,46,2,0,4,0,30,2
59280,259.0,15.6,10.0,41,113,52,26.8,0.5,2.8,0,478,1,19,1,0,2,0,14,56
53943,180.0,13.3,2.0,63,109,47,11.1,0.4,4.2,0,180,1,65,1,0,2,0,7,36
230645,514.0,26.2,15.0,73,322,353,56.6,3.9,10.3,7,803,10,89,2,1,7,0,48,158
109810,75.0,6.9,1.0,0,1866,229,3.2,1,1.2,1,3510,18,36,1,0,0,0,47,8
233413,189.0,9.1,2.0,5,232,222,17,5,7.7,7,2380,22,32,2,0,3,0,34,62
71881,121.0,7.2,1.0,0,197,491,11.4,3.8,4.1,4,1546,109,90,3,0,1,0,24,72
25243,110.0,5.4,1.0,4,103,596,14.2,3.2,3.9,7,2483,60,81,2,0,2,0,35,51
88901,288.0,27.3,4.0,0,1915,418,9.7,2.5,2.3,6,1074,26,63,3,0,1,0,20,33
163623,90.0,2.7,0.0,0,52,599,14.7,5,3.7,8,1592,124,52,1,0,2,0,31,112
215783,408.0,8.2,1.0,0.5,14,441,72.4,5.3,13.3,6,399,20,59,4,0,5,0,70,226
88071,156.0,13.8,2.0,0,8,338,7.9,1.7,1.7,3,1172,19,33,1,0,1,0,18,21
259466,289.0,20.9,3.0,0,424,853,25.2,7.1,4.4,14,1857,71,56,3,0,3,0,55,72
140831,105.0,6.5,2.0,10,124,294,9.6,3.9,3.9,2,887,19,46,1,0,2,0,32,45
222764,114.0,10.5,2.0,0,614,121,5.2,0.4,0.6,4,92,7,8,0,0,0,0,8,11
11733,524.0,23.3,5.0,29,604,317,57.4,2.5,19.8,2,17,0,40,3,1,12,0,49,180
83149,354.0,13.2,4.0,24,387,290,45.4,2.4,12.7,3,534,5,53,2,1,8,0,41,146
268668,497.0,16.4,4.0,221,1000,435,52.5,3.1,31.7,2,539,10,98,6,1,10,0,83,147
11717,415.0,12.2,4.0,19,1428,741,61.1,4.1,14,14,955,23,59,4,1,10,0,64,163
277016,415.0,13.5,5.0,93,653,722,49.9,4.5,23.8,7,613,9,90,5,1,12,0,62,142
278041,422.0,8.2,1.0,3,1775,305,65.4,3.2,12.3,3,670,15,56,5,1,9,0,60,212
87469,384.0,18,8.0,27,463,181,42.9,1.9,12,2,600,1,152,2,1,7,0,44,140
106018,588.0,29,4.0,0,465,866,72.9,6.4,14,12,1512,96,309,8,1,9,0,66,305
268210,671.0,44.3,6.0,3,121,714,55.2,6.6,16.7,3,2055,33,158,4,1,9,0,136,178
220320,496.0,26,7,34,1220,714,45.3,4.1,22.3,6,1554,19,94,4,1,6,0,482,60
26289,303.0,1.1,0.0,0,7,510,59.2,6.1,13.7,2,0,1,35,4,1,8,0,69,245
213185,570.0,27.4,9.0,82,821,595,56.3,4.1,21.3,8,1129,62,54,4,1,13,0,65,161
219681,413.0,11.7,3.0,13,1095,941,60.7,7.8,16.1,10,8784,38,267,10,0,8,0,93,257
257466,421.0,16.4,3.0,8,1965,773,57.6,7.5,15.5,5,2058,49,131,2,0,3,1,62,88
23128,573.0,18.6,8.0,70,453,782,68.9,5.7,35,4,1153,14,378,6,0,14,1,86,181
17930,396.0,11.4,2.0,66,560,702,38.4,3.5,34,6,636,12,26,3,0,22,1,35,49
274544,476.0,27.9,16.0,84,688,288,47.6,3.6,12,5,211,44,74,2,1,7,0,42,149
23230,606.0,34.1,20.0,264,878,396,43.2,2,31.4,2,1172,3,123,4,1,6,0,34,134
11985,617.0,38.7,14.0,90,1372,424,37.5,3.3,29.5,4,372,33,278,3,0,11,0,29,57
37677,624.0,36.4,13.0,80,1962,355,45.4,3,28.5,9,625,6,367,5,0,11,0,38,60
9045,865.0,35.4,18,131,1262,236,91.8,3,47.9,42,687,2,375,1,0,15,0,34,34
184068,410.0,21.1,9.0,53,1063,387,32.5,2.1,22.2,4,666,19,358,3,0,9,0,34,93
43641,857.0,50.9,22.0,109,2283,320,59.5,2.5,43.2,5,440,2,438,1,0,5,0,33,9
239853,422.0,29.6,12.0,145,1196,395,24.2,1.6,18.4,3,413,4,117,2,0,4,0,11,13
17743,188.0,7.6,4.0,22,574,153,19.7,1.1,10,4,330,10,146,1,0,3,0,12,7
36107,275.0,13.2,5.0,23,469,73,26.2,1.2,14.3,1,488,1,226,0,0,2,0,10,11
55307,525.0,30.8,11.0,58,1093,218,37.1,1.6,23.7,6,696,5,452,2,0,5,0,22,19
25425,820.0,43.3,19.0,154,2181,413,50.9,3.7,53.8,12,1106,15,671,5,0,16,0,56,90
230763,306.0,26.6,11.0,40,790,450,7.4,1.8,11.7,4,875,18,315,1,0,2,0,27,31
9021,554.0,28.3,9.0,54,741,637,43.2,4.6,34.9,1,826,18,323,3,0,18,1,100,79
222831,317.0,20.5,10.0,41,698,627,18.1,3.8,17.3,8,3290,64,370,2,0,5,0,50,63
24615,389.0,25.1,11.0,64,1047,220,20.2,1.2,19.8,2,378,14,411,2,0,6,0,19,11
233527,727.0,56.2,14.0,51,1370,483,38.5,3,19.4,3,5258,27,523,4,0,8,0,76,177
254280,388.0,4.4,1.0,0,528,138,75.2,3,10.5,3,36,1,21,5,1,8,0,24,213
58480,207.0,15.4,6.0,44,698,133,6.4,0.6,11.6,4,244,3,224,1,0,3,0,13,6
230760,386.0,15.1,7.0,50,1547,123,39.1,1.4,25.3,2,283,0,252,0,0,5,0,15,12
22172,684.0,41.1,20.0,114,1294,734,42.5,9.2,35.6,3,816,12,568,5,0,12,0,83,91
228983,414.0,27.2,10.0,37,811,245,27,5.6,19.2,1,1438,8,513,2,0,2,0,36,34
185197,536.0,21,9.0,54,1311,165,54.8,3,34.9,3,316,5,447,1,0,6,0,22,7
245547,431.0,33.9,16.0,356,948,392,6.5,0.8,25.4,3,1048,11,283,2,0,7,0,32,46
76345,472.0,22.6,5.0,323,691,218,48.2,3.9,18.3,3,696,2,86,4,0,6,0,39,139
14301,608.0,38.6,6.0,10,1872,173,63.8,3.5,8.4,4,496,42,55,3,0,4,0,12,124
14257,204.0,10.4,1.0,0.5,656,243,23.6,2.7,4.4,3,220,28,40,2,0,3,0,24,82
93100,95.0,3.8,1.0,0,5,533,15.5,7.8,2.4,8,77,5,25,1,0,2,0,33,51
87596,438.0,21.5,6.0,18,272,402,48.3,4.1,14.8,4,2203,66,207,3,0,5,0,49,146
11711,338.0,16.3,4.0,10,809,242,41,4.2,9.8,5,3589,7,102,2,0,4,0,38,95
14398,498.0,40.3,17.0,78,154,355,12.7,2,19.3,10,1872,18,596,1,0,1,0,18,25
229358,115.0,8.1,1.0,0,1790,296,11.1,1.8,1.4,6,272,29,34,16,0,1,0,42,19
240461,451.0,21.8,9.0,39,314,300,47.6,3.7,17.3,3,1041,17,326,3,0,4,0,38,124
170382,370.0,14.4,7.0,35,69,224,42.5,3.2,16,3,1284,9,278,2,0,4,0,32,103
273535,318.0,26.9,5.0,9,1174,174,15.7,1.3,5.2,5,399,13,134,1,0,1,0,14,24
246655,192.0,12.9,2.0,3,1109,1174,16.7,10.8,6.3,2,8965,37,222,4,0,2,0,63,486
232478,373.0,23.5,5.0,21,626,164,30.8,2.1,10.7,1,354,6,61,2,0,4,0,26,79
160473,82.0,7.1,1.0,0,10,169,3.9,1.1,1.8,1,655,9,48,3,0,0,0,14,24
232727,262.0,24.7,2.0,0,609,284,10.7,4,2.1,5,147,59,64,1,0,1,0,20,67
222343,387.0,25.9,8.0,43,600,158,29.5,3.1,12,3,558,7,156,1,0,2,0,22,31
173447,268.0,15.6,2.0,0,922,203,25.4,7.4,7.2,2,2105,32,61,2,0,1,0,14,18
16545,280.0,11.4,3.0,13,682,174,34.2,2.8,10.1,4,581,23,108,2,0,4,0,28,82
14366,260.0,12,2.0,0.5,779,192,33.3,3.3,6.3,4,481,14,48,2,0,3,0,24,82
223168,47.0,3.6,0.0,0,5,217,3.7,1.1,0.8,2,756,12,11,0,0,1,0,10,14
229606,297.0,22.2,10.0,45,93,576,13.3,5.7,12.4,6,1332,19,346,1,0,2,0,30,69
11734,415.0,29.6,7.0,29,821,298,25,2.1,12.6,1,475,33,143,2,0,6,0,33,93
271130,240.0,5,2.0,4,304,162,40.3,2.1,9.1,4,228,8,72,2,0,3,0,33,114
14314,441.0,19.6,4.0,4,1226,147,56.2,5.4,11.7,7,187,1,71,4,0,4,0,30,4
281193,527.0,18.5,8.0,42,886,1299,87.9,4.7,13.9,72,6626,92,324,3,1,5,1,124,51
228222,340.0,21.9,9.0,165,811,314,15.9,0.3,20.6,3,330,2,168,2,0,3,0,19,20
269670,444.0,20.1,6.0,23,780,276,50.5,3.2,14.7,5,418,3,259,3,0,8,0,35,122
220186,269.0,10,4.0,20,546,141,30.7,1.5,12.7,3,626,12,13,2,0,0,0,10,12
172077,300.0,21.3,9.0,173,729,157,12.4,0,13.7,3,410,9,90,2,0,3,0,12,21
217920,323.0,16.3,9.0,54,512,100,27,1.1,18.4,2,498,1,192,1,0,4,0,12,8
18875,703.0,30,12.0,70,1646,397,75.8,3.4,30.5,5,538,8,488,5,1,11,0,50,178
279779,237.0,20.8,5.0,20,563,50,5.9,1.3,7,2,389,5,174,1,0,2,0,8,4
218228,404.0,24.5,9.0,221,1057,265,26.2,0.6,19.5,5,470,4,195,3,0,7,0,26,61
74437,251.0,12.5,6.0,25,495,153,22.3,2.7,12.7,3,361,24,229,2,0,2,0,32,37
256144,220.0,11.8,5.0,150,501,118,14.3,1.3,13.4,2,254,6,177,2,0,4,0,16,46
25189,411.0,18.3,9.0,58,517,186,43,1.7,17.8,3,402,0,174,3,0,9,0,27,118
256637,580.0,22.3,9.0,62,1319,133,58.2,4.7,33.1,7,276,0,442,5,0,7,0,20,108
129557,266.0,15.7,7.0,26,475,146,19.6,1.1,11.7,3,777,4,175,2,0,2,0,18,9
275276,443.0,23.9,9.0,52,832,418,33.1,2.5,24.9,4,1617,23,471,3,0,5,0,47,64
80800,719.0,36.6,16.0,88,1832,469,56.7,3.6,40.3,4,1380,7,1089,5,1,13,0,64,162
81172,630.0,17.9,7.0,22,736,502,100.8,8.3,18,22,480,3,174,7,1,10,0,58,222
109545,461.0,29,8.0,36,894,238,39.3,2.4,14.1,3,1233,13,150,1,0,2,0,22,32
91769,202.0,7.1,3.0,24,414,112,23.7,1.1,9.9,3,598,4,59,2,0,2,0,9,8
258868,355.0,10.7,4.0,33,625,119,53.4,4.1,12.8,30,216,22,107,1,0,1,0,8,6
82487,798.0,38,12.0,66,1011,668,82.4,10.1,38.9,4,696,19,232,1,0,8,0,49,94
220264,332.0,16.2,5.0,28,761,225,33.6,2.8,16.4,3,453,2,154,1,0,4,0,16,16
245260,873.0,62.9,18.0,426,1135,1055,43.5,9.5,36.8,5,2080,20,442,5,1,13,1,89,218
278290,224.0,10,1.0,0,192,501,28.9,6.1,7.2,2,5386,14,58,3,0,4,0,97,152
230651,475.0,3,1.0,0.5,890,807,94.2,13.8,19.9,9,3381,23,99,6,0,9,0,86,222
21051,273.0,13.1,5.0,35,570,508,26.3,4.3,13,5,5141,11,71,3,0,6,0,43,71
164049,303.0,19.4,6.0,40,1688,449,15,4.3,16.4,3,1179,5,61,2,0,5,0,24,76
232274,174.0,2.3,0.0,2,1167,626,31.6,5,7,9,4575,36,90,4,0,3,0,41,101
15799,174.0,3.1,0.0,0,409,221,29,6.2,8,3,1119,40,49,2,0,2,0,17,55
261505,413.0,14.7,5.0,46,1400,503,48.8,3.7,22.3,6,6956,9,116,3,0,8,0,60,158
237050,379.0,9,1.0,0,1720,917,65.4,10.6,13.5,7,18582,107,239,8,0,2,0,90,61
262023,266.0,10.3,2.0,75,1813,278,22.2,1.4,18.1,4,3807,10,72,2,0,6,0,31,59
232067,483.0,20,8.0,91,1829,425,48.8,3.7,27.5,2,576,6,63,3,0,7,0,29,31
25756,306.0,14.8,2.0,0,217,343,36.3,3,9.2,2,467,67,35,2,0,1,0,419,47
236537,320.0,17.7,3.0,4,1137,939,31.5,9.1,10.3,10,17122,44,256,6,0,2,0,86,187
236136,325.0,14.9,4.0,19,906,875,35.3,5.8,12.8,5,8412,73,154,4,0,5,1,50,54
259465,561.0,24.8,7.0,25,1226,1075,65.7,8.8,22.4,6,1994,32,496,6,1,11,1,96,200
24404,60.0,2.4,1.0,50,63,42,5.6,0.3,3.7,0,156,1,49,1,0,1,0,8,24
246222,570.0,33,10.0,166,2461,953,27.7,5,38.1,5,12287,12,222,5,0,2,0,104,146
16211,701.0,40.3,18.0,146,549,400,43.8,1.4,38.5,2,176,0,358,5,0,12,0,58,145
23335,500.0,39.1,15.0,89,1358,902,16.3,4.7,20.5,8,714,46,123,4,0,8,1,54,45
20540,448.0,18.4,8.0,48,356,1507,58.1,7,13.9,6,389,63,131,3,1,7,1,85,56
236176,306.0,12.4,3.0,86,1613,692,23.7,5,26.3,4,5539,15,68,3,0,2,0,59,71
13244,483.0,35.9,12.0,77,1698,445,15.8,4.6,22.4,8,581,10,84,2,0,8,0,27,19
16640,149.0,5.4,1.0,0,357,401,22.2,4.2,4.4,4,260,15,69,2,0,2,0,34,59
241062,371.0,20.4,8.0,62,1583,460,26.4,2.6,19.2,5,1098,12,78,4,0,5,0,15,7
34466,911.0,48.3,22.0,260,982,1184,75.8,7,49,3,1886,55,294,5,0,16,0,146,28
91620,216.0,5.1,3.0,10,69,932,38.2,4.8,5.5,2,158,42,72,2,0,3,1,53,36
24718,378.0,16.7,5.0,19,219,392,46.4,2.9,12.1,9,382,4,274,2,0,5,0,49,104
11861,287.0,8.4,1.0,0,9,387,46.6,4.1,8.7,4,947,14,73,3,0,4,0,45,132
128968,242.0,8.3,2.0,27,395,253,30.3,6.6,11.2,2,78,1,136,3,0,4,0,47,109
230046,273.0,15.3,9.0,88,482,289,27.2,2.9,7.2,3,10562,2,147,1,0,3,0,26,29
259980,614.0,27.7,6.0,122,623,806,71.6,5.8,19.9,4,314,31,278,5,1,10,1,67,118
279916,334.0,16.8,3.0,5,343,952,42.2,5.4,5.1,3,157,46,44,2,0,4,1,53,41
229778,178.0,13.9,2.0,0,684,390,12.3,4.4,3.5,5,818,19,51,2,0,2,0,30,44
258025,365.0,22.4,11.0,59,873,701,23.1,10.1,23.9,2,265,41,697,3,0,6,0,125,116
278329,318.0,18.8,11.0,55,1036,262,21.3,2.4,16.7,3,990,18,502,3,0,2,0,33,17
279651,183.0,5,1.0,0,558,732,27.7,0.9,8.1,2,215,5,51,3,0,3,0,77,7
255606,146.0,7.5,2.0,8,225,439,15.9,2.3,4.6,2,372,30,34,2,0,3,0,24,23
139651,178.0,9.8,2.0,7,770,162,18,3.1,5.7,3,642,7,154,2,0,1,0,14,10
220226,205.0,17,7.0,28,304,208,5.8,2.3,8.7,2,709,5,210,2,0,3,0,37,38
279649,443.0,16.7,7.0,24,909,669,57.6,5.8,17,9,1587,19,356,6,0,8,0,62,143
228797,85.0,4.1,1.0,32,371,578,10.1,3.1,4.3,5,601,26,77,2,0,2,0,37,53
12047,1027.0,59.4,12.0,19,857,456,102.5,6.9,24.5,9,2074,12,182,8,0,9,0,74,261
202955,155.0,11.9,6.0,22,109,500,8,2,6.2,4,1021,29,88,1,0,2,0,37,53
140611,173.0,5.2,2.0,9,516,152,23.7,6.4,7.7,2,323,7,121,3,0,1,0,10,10
14062,395.0,13.7,4.0,13,1090,1101,56.8,8.7,15.1,13,1383,38,341,6,0,7,0,122,126
84741,369.0,32.3,9.0,38,1077,571,11.4,4.5,10.5,3,1025,97,56,2,0,5,0,34,70
265802,127.0,7.2,1.0,0,32,574,15.4,5.4,2.6,8,1372,50,34,1,0,2,0,32,53
216536,427.0,28.4,6.0,17,537,128,34.4,3.1,11.7,7,137,3,122,0,0,1,0,16,14
215041,241.0,9.4,3.0,19,697,46,27.8,0.9,10,3,70,1,61,2,0,2,0,5,1
237813,378.0,15.9,6.0,39,858,156,40.3,1.3,17.5,10,318,4,9,2,0,3,0,11,6
236642,440.0,25.2,12.0,61,1339,360,36.4,2.8,17.3,6,1178,13,478,3,0,7,0,43,91
236208,293.0,15.6,8.0,44,689,173,22.3,1.1,15.5,3,476,5,274,2,0,3,0,14,14
232032,609.0,26.2,11.0,61,1531,378,63.1,4.1,30,10,5131,12,671,5,0,6,0,61,92
220190,399.0,21.5,10.0,58,1394,511,36.2,4.7,19.1,8,1171,14,91,3,0,3,0,34,25
244267,350.0,8.5,1.0,10,424,243,56.8,10.9,14.4,8,506,3,50,2,0,1,0,64,48
217383,362.0,23.5,9.0,88,585,245,22.1,1.8,16.1,3,4412,14,188,3,0,4,0,43,57
258013,833.0,43.1,13.0,201,1024,841,37.1,4.6,71.4,5,1262,57,393,6,0,29,1,87,108
17368,770.0,48.1,23.0,150,1542,866,42.3,10.4,42.1,3,1168,24,533,5,0,13,1,100,79
15022,196.0,12.6,8.0,36,359,124,16,1.6,4.8,1,1218,18,56,1,0,1,0,7,15
24878,385.0,16.1,9.0,58,1666,94,37.8,1.7,22.7,9,335,3,24,1,0,4,0,9,7
86649,327.0,13.5,7.0,45,839,70,30.2,0.5,20.5,2,416,3,554,1,0,4,0,15,28
21528,394.0,19.9,8.0,36,937,164,39.3,3,17.3,4,571,17,282,1,0,1,0,20,19
16756,467.0,38.8,14.0,58,741,198,20.7,1.1,8.8,4,2437,24,111,2,0,1,0,12,22
223075,616.0,30.2,12.0,58,1149,212,67.2,2.9,17.4,1,454,2,130,5,1,10,0,29,191
70801,145.0,4.7,1.0,7,213,56,19.4,0.8,5.8,0,74,1,91,1,0,3,0,10,55
24167,158.0,5.7,3.0,13,514,165,19.5,1.5,7.5,1,411,5,165,1,0,3,0,17,16
23735,785.0,40.7,13.0,83,1840,156,66.6,2.4,37.1,8,322,7,300,1,0,10,0,22,6
48727,239.0,5.6,1.0,0,535,303,41.3,2.6,6.2,3,380,5,22,3,0,5,0,22,110
55498,235.0,13.6,7.0,45,590,674,10.6,2.3,18.8,4,361,1,465,1,0,10,0,31,32
246516,212.0,6,2.0,13,614,23,28.7,1,9.6,4,140,1,116,2,0,1,0,4,1
228652,506.0,27.8,13.0,220,2521,285,5.1,1,56.5,3,753,4,545,1,0,6,0,31,20
222734,397.0,8.7,4.0,49,1291,649,63.4,5.1,17.4,9,841,25,302,6,1,9,0,51,172
231771,740.0,34.3,17.0,112,2011,499,67.1,3.7,44.6,14,1436,14,611,2,0,8,0,48,31
233084,626.0,29.4,14.0,92,1222,217,49.8,8.7,41.1,4,1015,7,946,1,0,7,0,34,22
232789,232.0,5.8,3.0,33,788,142,30.3,1.4,13.9,0,82,1,48,2,0,2,0,23,47
240376,590.0,29.1,10.0,47,1408,104,60.4,2.9,19.5,6,123,0,168,3,1,6,0,21,127
259538,215.0,9.3,2.0,16,340,208,25.8,5,7.7,3,746,10,44,0,0,1,0,11,12
24368,237.0,12.5,6.0,28,568,350,23.1,2.2,8.9,4,4348,19,197,3,0,2,0,45,96
133948,551.0,25.6,11.0,58,1183,200,54.4,2.8,28.9,5,882,8,425,2,0,4,0,22,17
8990,302.0,17.2,6,47,573,169,18.8,0.9,17,3,466,4,184,1,0,7,0,18,10
219890,259.0,6.4,2.0,19,591,94,38.8,1.7,13.4,5,203,3,7,0,0,1,0,2,2
14948,88.0,5.5,2.0,8,151,51,6.7,0.4,2.9,1,133,3,30,0,0,1,0,4,3
82007,578.0,27.4,10.0,61,1816,504,46.8,4.9,32.3,8,1328,12,449,7,0,8,0,27,82
85719,177.0,6.5,2.0,10,473,130,22.3,1.5,7.6,3,1000,3,79,2,0,4,0,22,64
99392,659.0,19.4,6.0,217,1531,717,90.7,8.3,29.3,11,495,83,138,7,1,14,0,63,293
18852,498.0,9.5,3.0,13,1038,125,80.5,5.6,21.1,2,156,1,108,8,1,10,0,29,189
237026,403.0,22,10.0,125,749,338,22.2,1.9,27.4,4,567,6,348,2,0,9,0,46,21
256946,429.0,19.3,9.0,95,1053,235,28,0.8,33.5,3,443,8,131,3,0,12,0,25,12
53586,238.0,13.7,8.0,46,551,89,16.6,1.1,10.9,4,330,3,215,1,0,0,0,6,8
141099,404.0,24.5,14.0,80,646,87,24.5,1,22.7,7,752,1,288,1,0,5,0,15,6
228389,442.0,28,13.0,45,799,285,29,1.6,18.9,6,787,4,292,2,0,4,0,29,11
279581,331.0,8.7,3.0,18,744,808,55.1,10,18,7,2800,95,481,10,0,5,1,105,46
32086,493.0,16,8.0,48,1093,170,63.5,2.7,26,11,631,20,221,1,0,4,0,18,13
258012,540.0,33.6,12.0,77,1625,268,32.8,2.2,24.7,2,280,3,316,3,0,9,0,31,64
77520,395.0,16.8,6.0,23,607,674,54.4,9.7,15.9,8,10285,81,150,2,0,4,1,51,45
265306,665.0,45.9,12.0,149,1808,877,36.3,15.6,31,12,1114,19,234,4,0,9,1,63,81
265391,25.0,1.2,1.0,4,62,50,3.1,0.2,0.9,2,253,3,27,0,0,0,0,5,3
35985,1376.0,73.5,39.0,197,2751,1155,113.3,12.1,65.6,11,3978,107,1230,10,1,24,1,135,236
69169,743.0,60.4,21.0,146,2379,425,12.8,0.9,35.8,2,78,1,191,3,0,12,0,33,23
229023,381.0,25.7,9.0,230,809,199,16.1,0.2,19.8,3,475,0,167,2,0,4,0,18,28
26907,541.0,28,12.0,79,1518,700,45.6,2.3,28.3,15,948,16,575,3,0,8,0,48,41
72976,358.0,16.7,6.0,53,1012,263,29.6,1.9,23,3,312,20,237,1,0,7,0,18,10
237997,260.0,9.9,4.0,26,829,59,31.8,1.3,10.1,7,96,0,85,2,0,1,0,6,6
278325,120.0,8,2.0,100,263,184,6.1,1.7,6.1,3,425,1,41,1,0,2,0,13,17
233539,188.0,13.4,2.0,0,951,255,14.4,3,3.8,5,419,26,43,1,0,3,0,12,64
22245,661.0,24.8,15.0,63,726,290,85.8,3.8,22.7,3,647,0,257,4,1,13,0,69,273
263946,784.0,42.6,19.0,85,2091,507,73.2,4.2,24,4,1456,15,204,11,0,10,0,37,143
279162,372.0,11,4.0,173,434,345,47.2,3,20.4,4,926,8,167,4,1,9,0,48,184
258765,665.0,22.6,5.0,18,559,653,92.5,5.5,22,8,261,30,72,5,1,15,0,84,284
258357,624.0,11.5,2.0,62,796,930,91.6,6.1,40,5,743,22,135,30,0,15,0,82,261
231945,446.0,14.8,2.0,0,803,194,65.7,2.7,11,5,0,0,22,3,1,9,0,45,199
258283,816.0,39,15.0,122,1471,702,74.4,3.4,46,7,353,3,73,5,0,6,0,45,177
255967,311.0,9.2,3.0,13,414,25,45.9,2.7,12.5,0,109,0,155,0,0,1,0,6,3
19905,680.0,23.6,9.0,92,876,1024,76.9,4.3,39.4,14,996,61,52,7,1,20,1,82,208
11995,362.0,11.8,4.0,10,419,455,50.6,4,14.1,6,457,13,282,4,1,8,0,61,152
52160,501.0,19.7,7.0,42,1119,608,58.3,5.3,21.8,11,677,3,279,4,1,14,0,65,154
85408,478.0,16.2,3.0,43,1289,665,56.2,6,23.9,10,2984,31,73,6,0,13,1,37,82
223024,519.0,10.3,4.0,63,970,902,79.8,6.6,24.5,11,1293,18,187,7,1,14,1,89,210
233309,1108.0,65.7,8.0,1,1194,744,102.4,8.2,21.8,7,311,18,109,8,1,14,0,130,310
19401,331.0,8.2,3.0,12,643,945,56.2,7.1,10.9,13,798,12,43,4,0,10,0,57,104
12068,491.0,29.5,18.0,70,114,248,45.7,2,11.3,2,1102,10,143,2,1,7,0,40,146
216714,551.0,25.4,12.0,112,1273,799,54.5,4.5,26.7,9,1132,23,305,4,1,12,0,74,168
277041,384.0,11.2,4.0,86,759,771,47.6,3.8,23.4,8,748,23,90,5,1,12,0,63,147
276511,671.0,31.2,11.0,43,405,619,75.9,4.7,19.3,7,463,13,185,5,1,13,0,73,225
12004,367.0,14.2,5.0,43,512,501,40.7,3.5,17.5,7,767,25,30,4,1,10,0,45,111
260810,846.0,37.7,19.0,159,2106,955,73.2,5,55,7,2679,55,303,5,0,23,1,108,250
268107,789.0,44.7,24.0,149,1175,876,65,4.5,26.2,8,2267,23,219,6,1,14,1,86,170
41998,567.0,13.7,2.0,3,948,428,96.9,6.8,14.8,9,14268,22,184,5,0,2,0,42,37
158360,250.0,10,5.0,24,608,129,28.7,1,10.3,3,195,2,117,1,0,2,0,11,6
99853,464.0,16.5,6.0,22,1168,213,58,5.3,18.2,7,784,4,99,5,0,2,0,19,108
82746,801.0,46.2,19.0,129,1610,262,58.6,2.9,41.7,6,675,6,192,1,0,11,0,29,18
275005,465.0,29.2,17.0,113,1128,234,28.5,4.4,23.1,2,1041,1,148,1,0,9,0,22,13
74375,359.0,11.1,4.0,32,772,158,46.2,2.3,20.1,7,280,1,158,0,0,5,0,15,7
173699,671.0,24.9,11.0,104,1884,448,65.9,2.5,44,19,336,3,469,4,0,7,0,16,7
240166,778.0,46.8,17.0,127,2579,642,36.3,1.4,49.6,1,397,1,453,3,1,18,0,60,58
139566,218.0,10.8,2.0,3,396,195,25.4,1.8,5.6,2,286,4,33,2,0,4,0,22,66
213196,212.0,9.7,3.0,15,725,238,24.5,1.6,7,2,310,4,56,2,0,4,0,19,67
23899,628.0,38.2,17.0,266,1424,218,38.7,2.1,34.1,3,739,5,326,2,0,6,0,24,34
274999,520.0,32.7,9.0,42,703,155,38.3,7.3,19.7,3,1121,4,328,1,0,3,0,36,31
50603,356.0,21.3,13.0,55,853,114,25,2,17.3,4,237,7,8,1,0,1,0,7,5
256005,222.0,9,3.0,12,396,85,26.5,3.5,8.1,1,280,12,127,0,0,0,0,9,9
245593,470.0,21.3,9.0,34,520,710,56.7,4.8,14.5,3,374,30,66,3,0,6,0,47,127
270945,178.0,7.6,4.0,44,486,221,16.4,3.4,11.4,3,312,3,296,1,0,4,0,24,35
218905,635.0,41.7,22.0,181,879,261,40.9,1.7,24.1,2,1473,2,331,3,0,11,0,36,123
244278,599.0,39.8,15.0,61,722,786,42.5,9.7,21.3,4,1192,19,455,3,0,8,0,67,168
54538,476.0,16.5,7.0,76,888,1070,52.4,5.6,28.7,12,2230,47,149,7,0,11,0,65,110
34126,425.0,14.3,8.0,60,2306,269,49.5,1.5,23.4,18,301,6,280,3,0,7,0,49,21
230655,558.0,23.5,13.0,84,935,405,54.8,4.3,35.2,6,1126,11,516,2,0,5,0,64,40
172070,310.0,13.1,7.0,48,575,125,28.6,1.5,20.7,2,384,5,308,1,0,4,0,17,12
81336,697.0,41.9,14.0,51,1879,117,57.2,2.6,27.8,2,416,4,462,1,0,0,0,28,1
58181,250.0,7.7,2.0,42,556,351,27.1,3.9,18,3,3300,10,57,3,0,8,0,42,84
229034,291.0,15.3,6.0,40,841,781,28.5,3.6,10.7,11,16439,28,126,2,0,6,0,58,49
228493,120.0,7.8,3.0,17,837,362,10.9,2.2,3.4,2,5007,36,73,1,0,2,0,25,25
13447,273.0,6.5,2.0,4,960,855,41.5,9.3,13.9,7,1938,28,178,5,0,6,0,73,139
27174,227.0,9.9,3.0,18,1010,647,22.5,3.5,12.4,8,3223,35,61,2,0,6,0,37,30
236354,818.0,36.6,10.0,59,2094,713,99.2,5.8,24,4,468,12,62,3,0,9,0,27,32
228717,245.0,5.4,3.0,11,1321,1408,44.3,8.6,9,13,7244,45,107,4,0,5,1,77,83
236621,338.0,14.7,5.0,64,205,838,30.1,6.3,21.6,2,4341,8,183,5,0,5,0,85,115
262965,813.0,50.7,28.0,177,1870,843,44.1,4,45.5,5,15525,10,842,3,0,14,0,76,41
69623,204.0,14,7.0,56,383,299,5,1.1,14,3,582,16,150,2,0,6,0,18,17
261351,387.0,18.2,10.0,57,1228,585,41.1,8.1,15.8,4,2563,20,211,4,0,5,0,47,72
215953,180.0,7.3,2.0,4,697,276,21.2,3.8,8.1,4,2315,13,86,1,0,1,0,20,28
25668,255.0,11.5,4.0,119,1048,433,15.2,2.7,21.8,4,11121,9,123,2,0,9,0,42,66
25653,283.0,14.4,3.0,13,505,643,29.4,7,10.4,4,3420,16,91,3,0,4,0,66,77
232540,185.0,7.7,2.0,16,350,216,22.2,2.3,6.4,4,1796,13,55,3,0,0,0,5,10
262624,559.0,7.5,1.0,0,751,1725,102.1,6.8,23.5,4,9412,79,233,8,1,12,0,206,221
15245,229.0,2.3,0.0,46,108,329,39.7,3.4,11.1,3,551,12,25,2,0,6,0,32,99
13141,191.0,0.7,0.0,0,245,778,40.7,7.3,7.1,5,6288,27,60,2,0,3,0,44,56
143437,149.0,5.6,1.0,2,838,537,22.4,6.2,5.1,5,221,27,60,2,0,2,0,55,59
246043,536.0,17.6,3.0,5,1739,438,77.2,19.4,17.6,3,3074,5,114,5,0,6,0,88,26
83201,402.0,14.9,6.0,69,1032,1211,40.7,8.6,28.8,12,11071,34,200,8,0,13,0,120,155
13334,256.0,1.1,0.0,0,996,667,48.4,7.9,13.5,5,1883,21,100,5,0,4,0,69,139
14118,399.0,2.4,0.0,0.5,382,1458,80.9,17.8,19.6,13,3386,80,165,7,0,8,1,135,321
234942,329.0,17.6,6.0,34,910,407,24.8,4.6,18.3,2,7009,56,102,3,0,4,0,28,21
13339,387.0,17.4,6.0,34,1634,1237,43.9,7.8,16.3,13,5604,36,150,6,0,8,1,88,122
268651,356.0,9.4,2.0,3,1439,1026,57.6,11.3,12.5,9,12272,46,144,3,0,4,0,75,193
14138,185.0,1.3,0.0,0,634,670,37.2,9.5,9.1,5,5744,26,114,4,0,3,0,46,63
258270,531.0,24.6,4.0,152,569,888,29.9,3.7,40.7,8,5196,59,145,9,0,12,1,96,124
16745,260.0,12.2,5.0,81,733,403,17,2.3,19.7,4,6558,5,73,2,0,11,0,44,76
77955,489.0,26,11.0,82,1407,756,34.5,9.1,28.3,15,1745,9,255,5,0,12,0,53,32
67650,93.0,4.5,2.0,6,1210,449,10,2.9,4.9,5,483,31,138,1,0,2,0,31,49
140516,245.0,3.3,1.0,16,527,755,37.3,12.5,17.4,3,5667,25,100,5,0,8,1,109,260
234695,217.0,5.5,1.0,0,766,690,35.7,9,7.4,6,8595,39,114,4,0,2,0,33,38
235871,398.0,18.8,7.0,74,178,1017,26.8,3.5,25.9,4,4860,14,44,4,0,10,1,57,46
11866,316.0,8.2,2.0,11,502,1258,45.4,9.2,17.9,4,3073,25,155,6,0,8,0,105,183
216589,395.0,7.4,1.0,125,1006,1580,31.9,4.9,48.3,7,3936,45,260,15,0,14,1,103,152
184193,528.0,22.1,10.0,107,699,586,50.8,4.7,30.3,9,4204,34,124,4,0,7,0,26,23
24403,227.0,10.5,4.0,21,620,652,23.6,4.4,11.7,3,6460,19,150,3,0,6,0,47,56
230790,214.0,15.1,9.0,48,766,72,14.2,2.8,3.4,8,2234,40,34,2,0,0,0,10,18
228716,398.0,23.7,11.0,41,1525,827,41.9,10.1,8.8,18,3992,73,139,5,0,4,0,66,102
143951,394.0,11.4,2.0,0,631,2046,68.2,12.5,10,19,4997,197,104,4,0,7,1,112,133
235366,214.0,10.2,4.0,47,713,445,16.8,2,14.5,2,9664,70,142,2,0,4,0,35,29
214876,271.0,8,1.0,0.5,1732,391,37.9,11.4,10.7,3,2266,13,155,5,0,1,0,19,113
105081,481.0,20.1,5.0,13,989,203,62,3.4,15.8,6,467,17,165,3,0,6,0,43,154
265802,127.0,7.2,1.0,0,32,574,15.4,5.4,2.6,8,1372,50,34,1,0,2,0,32,53
24882,259.0,10,4.0,16,881,148,30.5,2.8,13,2,377,7,245,2,0,4,0,29,73
267257,181.0,9.3,1.0,0,1200,56,22.5,2.3,2.8,0,679,8,14,0,0,0,0,5,11
258081,104.0,7.1,1.0,108,161,79,0.5,0,9.1,0,122,1,19,1,0,1,0,14,4
257746,846.0,64.6,22.0,136,3425,1002,25.3,5.8,41.5,5,7006,36,319,6,1,11,1,61,212
14209,38.0,1.8,0.0,0,742,123,5.3,0.4,0.9,4,79,2,13,0,0,0,0,12,6
263723,239.0,12.9,3.0,9,470,484,25.5,4.9,8.4,4,939,18,155,1,0,2,0,36,49
222774,268.0,17.6,3.0,4,457,466,21.5,4.4,7.4,6,1504,25,128,2,0,3,0,47,45
222905,376.0,14.8,3.0,6,717,244,52.3,3.6,9.1,8,229,30,113,3,0,6,0,34,178
222773,342.0,25.7,5.0,9,720,419,21.4,3.6,8.6,4,1113,17,161,3,0,4,0,34,85
16519,865.0,33.6,11.0,38,1617,547,112.4,7.9,28.5,10,3585,27,289,5,1,12,0,88,274
220464,540.0,45.2,8.0,82,225,621,8.2,2.8,25.5,2,1741,21,123,2,0,12,1,53,75
280294,218.0,13.7,2.0,9,402,455,14.7,3,10.7,5,1099,17,57,2,0,7,0,33,44
26533,123.0,5.1,3.0,16,953,304,15.2,4.3,5.2,4,3420,63,65,1,0,2,0,17,80
17264,113.0,9.7,1.0,5,315,47,2.3,0.3,4.4,0,21,2,11,0,0,3,0,5,1
233867,331.0,28.4,9.0,45,800,293,6.6,1.6,18.3,2,2968,50,223,1,0,2,0,21,74
14380,162.0,5.4,2.0,18,425,80,21.1,3.3,8,5,228,1,49,1,0,1,0,17,28
63177,295.0,14.9,2.0,166,410,226,17,4.4,22.1,1,335,5,72,4,0,6,0,32,7
266025,207.0,9.7,5.0,86,268,583,14.8,3.6,16.2,4,7742,30,366,5,0,3,0,81,90
64641,367.0,12.3,3.0,5,309,376,53.5,6.1,12,5,904,18,131,3,0,6,0,48,138
277069,214.0,15.6,8.0,40,140,49,5.5,0.3,8.2,0,67,9,8,0,0,0,0,2,2
238094,257.0,19.5,6.0,41,799,325,8.1,0.6,12.7,5,2431,28,169,1,0,4,0,20,19
50215,732.0,65.3,10.0,168,463,743,9.7,2.9,29.4,0,655,31,77,4,0,19,1,57,24
56412,662.0,38.2,11.0,50,1047,661,53,4.7,26.1,6,943,125,125,4,1,13,1,64,158
23604,536.0,17.5,7.0,69,450,789,62.3,4.8,32.2,8,394,28,262,6,1,16,1,79,190
244765,725.0,20.5,7.0,65,953,553,95.1,4.7,38.3,5,308,6,62,5,1,24,1,90,282
166417,708.0,27.4,10.0,77,1085,622,82.9,4.3,29.2,13,343,4,85,5,1,16,0,73,196
269259,397.0,16.6,10.0,38,423,369,48.8,3.2,13.4,4,784,67,201,2,1,7,0,48,149
279633,698.0,23.6,4.0,38,449,319,88.5,4.5,31.6,5,242,4,35,4,1,12,0,66,278
202711,616.0,30.3,6.0,76,229,818,49.1,3.4,35,5,905,19,157,3,1,20,1,79,183
222968,398.0,3.5,1.0,164,223,947,62,11.5,29.2,11,1415,115,164,8,0,14,1,154,87
258038,806.0,12.2,2.0,4,921,1564,117.8,11.9,53.4,6,3806,45,286,12,1,20,1,153,332
26299,861.0,39.8,19.0,235,1563,1014,65.8,5.9,57,16,1365,3,734,6,1,26,1,106,180
280706,758.0,39.9,20.0,128,995,686,57.3,4.5,40.7,11,1141,9,539,4,1,19,0,82,166
51288,467.0,13.3,3.0,97,120,376,68.8,3.4,17.7,4,145,3,103,4,1,11,0,56,222
53178,478.0,17.6,6.0,73,988,628,49.4,4.5,31.1,5,1082,14,184,4,0,17,1,34,80
16601,633.0,26,15.0,66,2079,568,77.9,7.9,24.1,5,3032,66,327,5,1,13,0,87,301
17094,878.0,28.4,11.0,93,972,638,111,6.1,40.4,10,170,20,142,7,1,23,1,92,302
263822,770.0,24.1,6.0,18,1746,1550,115.7,19,26.7,16,1268,24,282,7,1,17,1,149,384
74793,330.0,6.9,2.0,35,148,518,44.5,3.4,21.4,0,2975,53,153,17,0,7,0,51,160
263496,471.0,14.1,5.0,171,338,357,60.5,2.6,24.2,5,428,2,254,4,1,11,0,61,200
265335,1030.0,53.8,13.0,39,583,1127,107,8,31,3,3541,72,487,7,1,17,1,130,355
263933,283.0,14.6,3.0,55,658,614,11.4,1.3,23.6,3,897,23,122,14,0,8,0,41,61
19343,626.0,27.8,11.0,72,4578,874,65.3,4.5,28.1,7,717,10,115,6,1,17,0,77,204
19331,585.0,25,3.0,138,845,667,61,4.8,29,6,1650,61,99,6,1,15,0,90,199
270295,468.0,15.4,7.0,36,1690,485,69.1,3.7,14.1,11,575,28,38,3,1,10,0,56,197
261950,614.0,10.4,2.0,84,834,1394,79.3,10.6,40.5,15,9873,46,141,9,1,16,1,87,168
210943,752.0,26.5,14.0,47,950,658,99.3,7.2,29.4,10,17421,7,263,6,1,15,0,108,283
233633,595.0,23.6,8.0,85,1744,1542,66.8,7.4,31.7,17,1385,30,115,7,1,17,1,103,175
11897,515.0,25,13.0,157,1098,403,44.8,2.1,27.1,2,671,1,341,3,1,12,0,54,155
277966,455.0,13,4.0,112,427,303,63.4,2.5,20.1,8,156,0,112,3,1,11,0,51,190
228089,502.0,31.8,22.0,20,543,1409,48.3,8.1,16.3,5,2642,24,177,6,0,25,3,150,215
260451,395.0,17.8,4.0,47,741,788,41.8,9.7,21,8,460,18,57,3,0,11,1,100,73
257898,342.0,8.4,1.0,0,525,834,58.7,10,9.9,8,618,22,37,2,0,3,0,46,63
263401,544.0,15.8,2.0,129,1169,588,71.8,4.7,26.8,6,2321,58,108,8,1,14,0,81,236
239862,639.0,33.5,9.0,127,635,1382,60,5.6,32,9,2083,46,246,6,0,17,1,117,106
262956,735.0,45.4,23.0,132,613,551,54.7,4.3,18.2,5,2344,10,161,5,1,8,0,65,205
257884,578.0,15.5,2.0,42,962,565,85.1,6,20.1,9,2088,86,76,5,1,13,0,101,308
214871,375.0,15.6,3.0,26,408,378,42,6.4,18.8,2,1164,15,119,11,0,7,0,60,18
239301,325.0,22.7,4.0,12,764,265,23.7,1.7,7.9,6,2143,18,112,1,0,1,0,218,22
265810,541.0,25.9,5.0,11,129,605,64.4,5.5,14.6,5,679,29,74,4,1,10,0,100,224
259007,356.0,10.4,5.0,49,909,525,52.7,4.3,13.8,2,1257,13,70,4,1,9,0,57,151
280704,191.0,11.1,4.0,57,136,362,6.1,1.5,16.3,3,175,7,43,3,0,7,0,23,17
270297,526.0,9.4,3.0,96,1601,1118,72.7,11.4,35.4,15,3128,27,140,8,0,11,1,148,91
257742,716.0,43.2,22.0,136,1431,429,60.6,3.1,21.7,4,1183,5,94,3,1,13,0,68,204
91617,765.0,27.6,13.0,105,1642,847,88.5,4.1,41.7,23,1210,14,311,6,1,20,0,103,226
270430,295.0,9.9,3.0,77,445,305,34.6,3,17.4,2,1065,31,160,3,0,6,0,26,56
265997,686.0,45.1,26.0,142,572,746,52.3,4.3,20.3,4,10814,37,326,5,1,9,0,145,176
257750,811.0,36,21.0,265,2338,2134,86.9,8.1,42.3,20,1566,25,293,9,0,18,0,165,160
11716,611.0,19,7.0,62,1018,1436,81.2,7,30.3,15,3039,37,91,7,1,20,1,107,252
215790,469.0,11.9,4.0,27,1491,863,68.9,5.8,22,9,497,12,47,5,1,14,0,79,205
17548,653.0,24.4,11.0,95,1545,490,65.9,3.1,40.7,3,795,4,261,4,1,21,0,77,190
223023,438.0,20.4,7.0,121,2450,892,36.3,6.7,26.4,16,1380,7,131,6,0,16,1,67,60
241973,649.0,19,6.0,121,1433,485,60.4,5.8,55.8,9,1072,1,274,5,1,32,1,77,142
246489,546.0,20.6,5.0,50,818,930,63.9,6.9,25.7,8,5392,28,88,8,0,11,0,37,82
26267,492.0,23.3,12.0,82,735,1013,43.9,9.3,29.7,5,1994,20,274,6,0,11,1,72,81
262418,597.0,27.8,10.0,84,1629,987,51.9,4,33,7,4265,18,142,4,1,15,1,72,132
263386,894.0,51.3,28.0,242,1103,539,64,3.2,46.1,7,1595,4,718,6,0,13,0,92,170
278797,583.0,13.4,1.0,0,2152,1059,85.4,11.5,31.9,9,2865,18,93,6,1,10,0,84,205
192530,551.0,25.4,5.0,88,400,556,61.7,4.1,19.6,10,553,18,120,5,1,11,0,62,172
254841,408.0,13.6,5.0,200,549,201,54.3,5.1,18.3,2,1886,54,129,1,0,3,0,19,53
244349,335.0,10.6,2.0,0,125,922,51.7,5.9,11.5,2,11071,58,142,5,1,8,0,129,365
259342,641.0,21.3,4.0,0,2004,1252,95.9,17.7,19.3,5,6290,36,152,7,1,11,1,280,234
263254,548.0,17.8,9.0,61,207,522,62.2,3,26.3,4,944,5,128,4,1,15,0,75,204
280009,975.0,47.5,7.0,4,253,854,121.3,23.1,28.3,7,11560,45,348,9,1,14,1,270,127
221952,808.0,41.1,18.0,90,1063,708,87,5.5,25.3,5,12169,34,217,5,1,13,0,96,264
232368,598.0,29.8,16.0,102,315,552,58.3,4.4,24.6,2,4427,10,210,4,1,11,0,67,162
150095,527.0,23.1,10.0,62,1167,618,55.3,4.6,24.4,8,812,15,246,4,1,10,0,61,123
232587,479.0,18.1,3.0,173,265,971,50,5.3,30.1,3,7395,39,140,8,1,14,1,147,304
246659,78.0,6.8,1.0,0,137,7,3,1.6,2.1,1,3748,52,29,1,0,0,0,1,0
88213,210.0,15.8,7.0,22,292,485,10.4,2.4,8.2,6,2105,25,110,1,0,3,0,30,32
170600,460.0,23.3,9.0,45,574,288,45.4,3.2,17.2,4,1159,17,256,2,0,3,0,39,124
19305,276.0,7.8,1.0,0,295,237,43.8,3.3,7.6,2,201,4,21,3,0,3,0,35,106
213223,99.0,1.9,1.0,6,291,79,15.6,0.7,4.3,2,118,0,81,1,0,2,0,12,39
31741,117.0,10,4.0,15,402,102,3.4,0.4,3.9,2,247,6,100,0,0,1,0,8,11
222290,45.0,0.6,0.0,0,48,472,9.4,2.6,2.1,6,1553,25,28,1,0,1,0,24,31
255203,305.0,15.1,8.0,34,533,60,32.1,2.7,10.5,2,1026,12,230,4,0,1,0,10,6
229808,97.0,1.3,1.0,2,70,430,19.5,5.7,4.6,7,1000,30,116,2,0,2,0,43,62
217292,663.0,39.4,7.0,11,190,319,64.8,3.9,16.5,4,1001,5,92,4,0,7,0,76,189
143276,206.0,5.7,1.0,0,592,449,31.9,7.9,8.7,1,11919,97,172,4,0,2,0,37,32
228377,162.0,3.8,1.0,3,101,670,29.6,2.1,7.5,2,368,26,75,2,0,3,0,69,31
218599,190.0,15.8,5.0,25,703,330,4.4,1.6,8.9,1,4406,22,42,2,0,1,0,78,15
213915,210.0,8.6,4.0,20,415,582,19.8,3.5,13.4,4,4484,60,38,1,0,2,0,33,45
217975,93.0,7.4,1.0,1,146,15,4.5,1.3,2.5,1,3703,53,44,1,0,0,0,1,1
233930,302.0,10.5,2.0,1,143,1025,46.4,5.4,7,4,956,57,75,3,0,5,1,64,104
75126,261.0,19.3,11.0,134,599,286,13.6,1.4,9.5,2,771,15,181,1,0,3,0,22,38
234493,248.0,7.5,3.0,17,406,606,36.3,3.1,9.2,5,271,23,174,1,0,4,0,42,19
278486,216.0,10.3,5.0,31,798,123,17.9,4.6,9.5,1,1226,2,108,2,0,2,0,10,7
145914,128.0,10.9,2.0,0,471,208,7.7,3.1,1.7,2,629,21,36,1,0,1,0,24,35
236606,204.0,12.5,5.0,20,1230,271,22.4,1.7,5.2,6,968,14,140,3,0,3,0,30,29
236315,68.0,2.8,1.0,2,106,54,8.9,0.5,1.7,1,238,0,30,1,0,1,0,6,21
180977,594.0,34.8,14.0,71,1795,471,45.3,3.5,25.9,5,602,3,268,4,1,10,0,69,109
13287,245.0,4.9,1.0,2,1014,551,38.1,11.2,12,2,8019,28,170,6,0,1,0,73,174
12908,262.0,10.3,1.0,45,400,1041,10.7,2.1,31.2,7,1112,38,122,3,0,15,1,140,49
13333,227.0,8.3,1.0,1,1142,996,30,8,8.6,11,9112,30,112,3,0,4,0,57,90
13183,380.0,25.4,10.0,78,1904,610,21.1,2.4,17.3,4,3636,45,110,2,0,7,0,41,24
157954,389.0,16.7,6.0,58,283,1299,38,7,20.3,7,1320,84,114,5,0,10,1,85,82
25688,322.0,14.9,4.0,45,783,567,27.1,6.1,20.6,3,500,8,71,4,0,8,0,37,49
13024,416.0,14.2,5.0,87,1211,676,43.3,2.9,27.3,4,2409,2,75,4,0,13,0,51,166
88690,558.0,35.5,15.0,89,1224,678,30.9,3.6,29.4,5,4798,31,428,4,1,10,1,80,139
143069,554.0,32.6,15.0,99,2386,1248,45.8,5.6,19.8,5,2091,49,86,3,1,8,1,78,71
238014,299.0,10.1,3.0,35,566,711,33.2,4.7,17.9,5,2283,29,85,4,0,7,0,49,92
12816,318.0,12.9,7.0,164,755,761,9.3,1.3,34.9,4,1036,18,114,5,0,11,0,84,37
12942,385.0,24.4,9.0,58,1259,810,22.5,5.7,18.8,4,4689,20,103,3,1,7,0,65,98
231287,266.0,18,9.0,49,391,488,16.4,1.5,10.6,3,2110,23,162,1,0,4,0,32,19
255823,888.0,43.8,14.0,84,4200,1088,77.3,12.5,43.8,10,4080,26,265,8,1,14,1,109,125
13436,324.0,20.2,8.0,50,1145,704,19.1,3.1,14.6,6,3715,23,85,2,0,6,0,36,40
13009,225.0,4.4,1.0,2,758,953,37.3,7.9,11,6,928,16,122,5,0,3,0,82,112
230298,138.0,1.7,1.0,2,941,534,25.2,6.5,6.9,8,6456,24,145,3,0,3,0,46,93
25690,403.0,7.6,2.0,3,1223,661,68,8.4,16.3,6,422,9,119,5,0,8,0,75,182
261337,447.0,24.8,12,78,1275,1233,42.3,5.6,15.8,3,9115,107,168,3,1,7,1,74,52
229089,476.0,10.2,3.0,102,500,1606,34.4,7.2,49.9,11,7483,37,93,7,0,13,1,89,74
187924,262.0,5.4,1.0,2,245,707,38.8,6.9,8.2,4,6148,57,92,3,0,2,1,45,35
217129,215.0,9.7,4.0,14,494,285,22.2,4.4,9.9,3,2416,15,178,2,0,2,0,48,32
77836,404.0,20.6,7.0,39,1618,980,37.4,9.8,20.3,10,5510,69,154,4,1,8,1,62,109
16690,348.0,26.6,11.0,68,689,553,15.3,2,12.1,1,3113,38,59,2,0,5,0,33,25
229992,529.0,29,14.0,113,1645,601,39.9,4,28.4,3,9223,5,337,5,0,10,0,85,115
13126,459.0,34.1,13.0,87,1925,616,21.1,2.4,17.2,4,3643,45,111,2,0,7,0,42,24
230392,291.0,10.8,3.0,58,1422,573,27.6,5.2,20.9,6,4078,11,80,5,0,2,0,34,38
35781,159.0,5.6,2.0,55,99,200,15.4,1.4,11.5,1,560,4,47,2,0,4,0,21,71
55059,502.0,4.6,1.0,0,822,597,95,11.9,18.9,4,902,16,115,7,0,2,1,91,277
237996,311.0,20.6,7.0,43,854,304,19.7,1.5,11.7,3,2706,5,90,1,0,5,0,26,33
231282,272.0,8.9,3.0,49,498,337,30.8,3.2,16.7,1,2364,7,82,2,0,4,0,26,21
13238,185.0,4.2,1.0,2,272,526,30.5,4.5,8.2,5,350,12,89,4,0,3,0,50,75
13268,222.0,3,0.0,151,1231,706,11.9,2.2,31.3,7,687,33,81,3,0,11,0,69,25
236616,359.0,11.7,4.0,26,1315,1054,40.8,9,20.2,5,1596,14,167,7,0,5,0,100,129
238236,293.0,6.4,3.0,174,927,887,10.5,1.5,41.4,4,1333,15,122,10,0,6,0,48,17
23153,241.0,6.1,1.0,4,479,730,42.9,4.3,5,5,48,16,71,1,0,4,1,45,22
216245,493.0,27.4,13.0,69,626,1250,47,6.8,16.8,13,34600,38,245,2,0,9,1,74,26
126007,324.0,11.9,4.0,61,787,787,34.1,6.8,20.9,6,518,10,92,5,0,8,0,59,157
270369,308.0,14.6,2.0,2,1750,634,37.7,6.5,9.4,13,30,22,143,2,0,4,0,60,91
141846,186.0,5.3,1.0,0,190,341,28,4.8,6.9,1,4439,15,81,3,0,3,0,50,140
223044,484.0,23,5.0,16,2020,1154,53.9,14.4,17.9,8,2971,44,199,5,0,6,1,132,305
262534,335.0,15.3,3.0,26,1854,971,34.2,7.7,14.1,11,4283,22,78,4,0,6,0,68,96
233306,337.0,12.1,4.0,73,1223,467,33.9,8.1,21.7,2,517,9,101,5,0,4,0,42,58
112310,352.0,3.9,1.0,0,595,1583,68.9,14.7,15.1,9,14409,159,252,6,0,6,1,136,207
280025,439.0,25.1,9.0,32,976,326,33.9,2.3,19.2,5,525,11,449,3,0,6,0,33,83
215594,480.0,20.1,6.0,35,571,431,57.6,3.8,17.2,6,880,35,91,4,1,11,0,41,180
274607,546.0,34.7,18.0,183,701,194,35.8,6.4,24.1,2,1278,16,234,2,0,2,0,27,15
61704,406.0,23.7,7.0,48,1156,163,35.6,1.8,15.3,9,266,3,87,1,0,2,0,10,10
256633,714.0,35.6,11.0,77,1625,142,72.5,1.5,26.8,40,398,2,20,3,0,8,0,12,2
278850,439.0,28.6,12.0,77,582,376,24.4,2.4,20.7,2,498,13,272,1,0,7,0,26,18
260678,482.0,27.7,11.0,201,984,317,32.2,1.1,26.4,5,485,1,238,2,0,6,0,25,32
273759,456.0,26.4,12.0,69,1125,236,32.2,1.1,21.2,4,632,3,349,2,0,5,0,22,20
74910,295.0,18.2,9.0,45,712,65,12.8,0,18.5,3,294,0,498,1,0,4,0,16,6
25417,752.0,52.5,18.0,127,2501,727,33.5,3.5,35.2,6,502,55,190,4,1,13,1,59,65
237150,584.0,26,13.0,59,1089,109,64.6,2.5,25.9,4,677,0,302,1,0,1,0,17,15
239433,462.0,23.4,5.0,24,1060,132,44.8,1.3,16.3,7,50,20,66,3,0,4,0,11,5
25146,469.0,26.1,10.0,75,966,476,27.7,2.3,28.3,11,496,3,322,3,0,11,0,39,21
14098,1154.0,53.6,21.0,108,2704,803,120.1,7.8,55.9,17,1980,49,609,2,0,13,0,59,40
54615,543.0,31.9,17.0,69,1174,152,40.6,2.5,22.5,2,190,2,102,3,0,5,0,19,76
246325,466.0,39.7,10.0,26,386,224,17.1,2.1,11.2,2,1141,8,354,2,0,2,0,27,44
246553,271.0,10.6,4.0,19,663,249,33.4,2.7,10.7,1,794,9,174,3,0,5,0,27,81
27374,201.0,8.5,3.0,97,614,149,20,1.1,10.3,2,281,2,57,2,0,4,0,14,69
164994,602.0,29.9,15.0,106,1176,490,45.4,5.9,36.5,3,757,8,256,3,0,9,0,39,18
72079,267.0,14,6.0,28,829,103,22.1,2,13.5,3,2310,3,283,2,0,2,0,23,30
155498,618.0,30.7,14.0,74,990,190,54.7,3.7,30.6,13,579,5,681,2,0,5,0,34,21
68484,731.0,37.6,15.0,94,2050,263,60.6,4.8,41,5,726,4,353,2,0,8,0,34,27
265794,704.0,51.3,16.0,226,2040,1303,30.6,13.7,36.2,10,943,161,913,5,0,11,1,99,243
268520,875.0,46.9,18.0,73,276,358,85.7,3.7,25.2,3,94,0,253,4,1,16,0,71,271
239312,490.0,18.9,7.0,70,1814,1139,52.7,4.5,28.3,12,1570,36,67,6,1,16,1,81,160
269257,785.0,33.1,6.0,98,477,430,91,4.8,30.4,5,694,21,203,6,1,16,0,89,288
264440,662.0,19.7,4.0,20,616,749,97.2,6.5,24,5,974,13,102,6,1,16,0,94,291
264183,850.0,54.4,16.0,106,1162,581,53.8,4,33.7,9,901,2,148,4,1,18,0,73,148
232233,414.0,18.5,6.0,31,1581,1037,44.6,5.2,19.6,10,1008,25,84,5,1,11,0,66,120
257469,329.0,3.9,0.0,13,505,135,53.5,4.6,19.6,1,193,2,21,2,0,8,0,13,4
157674,595.0,15.2,4.0,94,1041,877,83.6,7.3,28.2,15,1525,16,111,7,1,18,1,91,212
23181,351.0,15.3,7.0,66,890,373,34.2,2.8,18,7,522,2,295,2,0,9,0,44,92
233348,137.0,10.2,4.0,26,564,374,6.5,1.5,5.9,4,510,7,26,2,0,3,0,20,8
222000,755.0,34.5,8.0,18,355,321,87.4,3.9,22.9,3,483,7,260,4,1,13,0,71,277
26286,376.0,13.2,5.0,61,1111,399,38.5,3,25.8,4,1521,3,183,3,0,12,0,28,50
17167,355.0,9.8,2.0,7,516,241,53.6,2.8,12.4,2,674,11,92,3,1,9,0,46,165
232227,617.0,42.2,24.0,136,721,470,30.8,2.4,28.4,6,1364,1,275,3,0,12,0,48,91
269500,543.0,31.7,18.0,99,1388,222,46.8,2.1,17.3,3,975,2,279,3,1,8,0,43,140
11973,444.0,21.1,7.0,118,369,258,44.7,2.1,16.4,2,239,2,102,3,1,9,0,42,152
255021,671.0,33.5,18.0,166,573,664,53.1,2.1,37.8,2,1428,5,118,5,1,6,0,37,139
277132,512.0,25.2,10.0,128,431,342,47.5,2.5,21.2,3,393,3,174,3,1,9,0,49,151
11715,557.0,20.3,8.0,68,1002,1122,65.7,6,28.2,11,1462,23,59,6,1,17,1,87,192
148543,439.0,16.5,6.0,53,985,551,47.5,4,24.5,4,329,11,114,4,0,9,0,58,116
269004,606.0,26.6,10.0,53,1651,420,66.1,2.4,29.5,9,1570,11,217,5,1,12,0,52,142
21719,558.0,34.2,18.0,123,1061,473,33.9,2.8,30,6,1205,14,301,2,0,12,0,56,88
8976,283.0,8.2,4.0,47,1174,381,28.2,1.1,23.3,5,687,3,310,2,0,9,0,29,64
231232,719.0,34.4,16.0,144,1510,404,47.8,1.8,51.5,3,800,3,447,5,1,23,1,64,150
240285,396.0,14.1,7.0,122,763,482,46.5,3.9,19.9,10,808,2,246,3,1,11,0,53,129
221971,688.0,30.3,11.0,220,984,414,66.1,3.2,36.3,3,386,0,459,5,1,15,0,76,223
11962,420.0,27.8,9.0,57,564,518,25.7,3.2,15.6,10,564,3,84,2,0,10,0,42,55
239953,582.0,24.3,11.0,91,935,608,59.8,4.7,28.9,10,706,2,296,4,1,14,0,70,153
19356,275.0,8,3.0,15,1069,673,38.5,3.9,12.2,8,1055,14,65,5,1,7,0,47,105
220599,560.0,16.6,8.0,49,1476,748,70,5.7,32.2,19,1240,3,542,3,0,10,0,590,31
263343,388.0,16.8,10.0,102,685,211,46.1,1.7,12.9,3,595,1,148,3,1,7,0,35,127
216053,236.0,6.2,1.0,3,425,313,38.5,3.7,6.8,7,313,1,47,2,0,5,0,26,45
217378,451.0,14,4.0,43,459,895,59.8,7,23.5,3,3023,22,131,6,1,10,1,82,136
63299,336.0,15.2,6.0,20,79,73,40.5,2.5,8.9,0,477,1,79,2,0,3,0,31,102
237065,619.0,17.7,3.0,14,706,907,79.5,6.7,31.2,3,1874,24,161,7,1,18,1,108,238
13370,258.0,5.6,2.0,8,671,369,39.6,4.5,12.1,5,1022,12,43,3,0,6,0,30,107
216095,454.0,8.8,3.0,66,939,1304,53.8,14,40.1,6,8752,10,247,9,0,4,0,124,163
270721,499.0,25.9,8.0,45,1131,1058,44.3,20.5,22.9,6,9346,28,81,3,1,8,1,56,54
241063,327.0,12.9,5.0,45,2200,637,38.4,4.2,16.1,7,3658,19,72,3,0,3,0,53,80
236577,204.0,6.1,3.0,30,335,56,27.3,1.7,10.9,2,363,6,57,0,0,0,0,6,6
76902,365.0,21.8,7.0,43,637,366,27.3,5.9,14.2,4,4292,9,71,3,0,4,0,22,43
50901,587.0,40.6,24.0,138,1591,653,43.4,13.5,15.5,4,5959,17,269,4,0,5,0,80,128
215948,324.0,8.1,1.0,7,1226,145,42.6,11.1,15,2,1877,3,103,6,0,1,0,12,10
12056,454.0,6.9,2.0,5,965,1199,68.8,17.5,27.1,2,175,3,185,5,1,10,0,131,475
262966,429.0,31.5,16.0,88,744,505,24.7,2.7,13.4,3,7282,8,208,2,0,6,0,56,77
13397,333.0,3.1,0.0,0,150,811,59.9,15.7,17.1,5,1702,12,102,5,1,7,0,117,280
233903,275.0,9.4,4.0,42,491,857,33.2,6.5,18.1,6,1601,145,127,3,0,8,1,68,126
13146,571.0,17.7,4.0,14,785,1383,79.6,14.4,25.9,3,161,3,216,9,0,7,0,156,240
269428,217.0,3.1,0.0,0.5,895,725,36.8,14.1,11.8,8,8847,29,100,4,0,4,0,67,197
16820,282.0,16.1,6.0,37,685,153,26.6,0.7,7.3,1,295,3,38,2,0,3,0,16,78
233756,415.0,20.2,8.0,53,1405,681,35.1,3.3,21,13,6086,19,92,2,0,6,0,39,35
16750,237.0,4.2,1.0,66,300,1030,26.2,4.4,25.3,3,1849,25,103,4,0,9,1,74,75
12909,253.0,2.7,1.0,48,995,751,37.8,5.9,20.9,7,2025,15,84,5,0,7,0,61,102
228673,376.0,20.2,5.0,20,615,1318,41.7,9.8,10.9,12,7400,91,115,3,0,6,1,79,119
228968,237.0,11.9,4.0,38,736,772,19.5,4.2,14.7,8,5896,41,111,3,0,7,0,46,56
25749,528.0,11.2,2.0,0,470,683,75.2,6.2,12.4,19,7,16,113,4,0,6,1,66,150
168472,383.0,15.2,5.0,41,1531,1160,35.6,5.4,18.4,10,6907,29,151,7,0,7,1,66,87
55936,389.0,21.2,7.0,61,1582,675,26.7,5.5,22.7,5,3838,16,95,3,1,6,0,62,66
234120,108.0,1,0.0,0,1137,806,24.2,4.3,3.7,16,1769,77,53,1,0,2,0,42,69
172785,489.0,33.5,17.0,89,359,526,22.3,4.3,23,16,7156,33,737,3,0,1,0,27,50
58892,372.0,19.2,6.0,32,1213,247,33.7,2.1,15.4,4,443,3,185,3,0,7,0,33,94
83264,299.0,15.6,6.0,28,820,462,33.8,4.8,10.1,23,3124,14,203,3,0,3,0,79,90
110418,448.0,40.9,11.0,38,823,421,11.9,4.1,10.3,4,1372,18,306,3,0,3,0,51,61
229607,221.0,15.1,7.0,37,79,524,10.7,2.6,10.9,7,3065,28,330,2,0,2,0,35,44
222904,352.0,20.9,4.0,10,684,198,33.1,2.3,7.8,3,410,5,106,2,0,4,0,25,117
143174,249.0,11.5,2.0,0,458,224,34.3,3.8,4.2,2,199,4,37,1,0,0,0,16,20
38225,265.0,16.9,2.0,96,405,571,10.3,2.6,19.3,1,1756,33,88,3,0,5,0,66,94
14443,519.0,27.5,7.0,36,1438,450,50.9,4.5,18.6,6,1010,15,171,4,0,8,0,52,155
242452,131.0,9.3,2.0,9,134,358,8.2,2,4.9,5,1239,20,136,1,0,2,0,22,27
16411,739.0,60.3,15.0,307,791,236,24.1,1.7,26.9,3,1079,20,518,2,0,5,1,28,52
229203,306.0,13.4,3.0,6,147,219,37.2,2.9,9.4,3,397,17,150,2,0,4,0,37,96
231108,399.0,15.3,4.0,12,1042,241,52.9,5.4,14.6,6,822,11,139,3,0,4,0,43,126
22692,847.0,50.3,14.0,67,1912,519,67.9,5,34.1,8,1217,34,675,5,0,11,0,70,26
73214,436.0,18.8,6.0,25,1036,774,52.4,6.2,16.4,6,3317,22,284,6,1,9,0,90,313
222430,358.0,17.1,4.0,24,1375,139,38.2,2.9,13.5,3,272,10,175,3,0,5,0,32,86
238673,75.0,5.6,3.0,15,153,56,2.7,0.7,3.7,0,239,5,15,1,0,0,0,4,4
232475,488.0,19.1,4.0,42,530,764,54.4,4.3,27,14,6934,24,145,6,0,12,0,123,257
88094,391.0,34.6,8.0,22,216,723,15.4,8,8,6,1110,22,191,3,0,3,0,43,95
272480,428.0,30.1,4.0,0,335,611,34.4,4.4,6.2,5,1209,23,82,2,0,4,0,41,127
263721,407.0,12.8,4.0,18,580,425,58.1,5.2,17.5,10,1609,21,274,3,0,6,0,53,30
14292,528.0,38.4,11.0,43,747,273,31.8,2.4,16,5,1486,26,238,2,0,3,0,17,22
201911,282.0,20.6,8.0,45,591,281,6.6,1.3,18,3,1167,12,563,1,0,4,0,27,21
14283,308.0,22.5,4.0,0,1225,789,27.4,8.2,6.1,9,2378,132,182,5,0,3,0,53,138
276333,521.0,29.6,9.0,49,856,207,43.3,2.3,21.5,3,422,2,360,2,0,7,0,42,10
89380,131.0,10.1,3.0,13,169,285,8.5,1.6,3.2,2,697,25,82,1,0,1,0,17,26
228479,298.0,23.1,8.0,31,178,413,14.9,4,9.6,5,1061,14,245,1,0,2,0,25,56
280511,208.0,19.2,5.0,21,211,155,3.7,0.8,5.9,1,82,7,18,1,0,1,0,16,13
279936,373.0,24.2,7.0,42,527,41,27.6,1.9,11.6,2,275,11,68,0,0,0,0,3,4
275604,649.0,64.4,13.0,29,91,350,9.6,1.7,8.3,6,1766,18,43,1,0,1,0,23,28
258268,360.0,12.4,1.0,0,146,734,60.9,2.6,9.6,6,1306,22,53,4,0,1,0,117,31
165361,305.0,12.8,2.0,193,639,568,8.2,1.1,38.8,0,3194,7,75,5,0,2,0,31,16
14333,268.0,9.4,2.0,13,579,258,36.6,6.5,11.7,3,4649,34,144,2,0,2,0,30,41
273668,463.0,33.2,11.0,40,1704,856,27.3,7.9,18.8,3,4812,56,367,3,0,6,1,66,154
231834,446.0,17.6,5.0,23,54,367,60,4.3,15,4,939,7,44,4,0,7,0,52,44
24362,610.0,46.8,18.0,110,1186,412,13.6,1.9,32.9,3,1841,8,622,3,0,10,0,60,71
216079,160.0,13.8,2.0,0,4,194,8.4,1.3,2.1,5,1047,78,13,1,0,1,0,22,25
14279,245.0,21.8,4.0,4,242,189,10.7,2.1,3.7,1,3276,28,81,1,0,1,0,12,78
218229,294.0,13.2,2.0,0,263,546,38.2,4.3,8.2,2,1359,24,58,3,0,7,0,40,129
19346,200.0,9.4,1.0,3,464,181,23.6,1.9,5.7,3,364,5,42,1,0,3,0,6,33
11971,178.0,3.1,0.0,0,35,104,31.4,1.6,5.5,1,39,0,25,2,0,4,0,23,95
236611,683.0,45.7,9.0,175,903,404,5.4,2.3,61.1,0,562,1,95,4,0,29,1,52,8
254381,119.0,7.4,1.0,0,130,729,13.2,5.6,2.2,0,236,21,87,1,0,1,0,31,48
89767,170.0,3,0.0,0,325,107,29.9,3.1,6,1,228,8,13,1,0,2,0,20,66
23990,759.0,64.9,22.0,103,2603,372,15.6,3.8,29.9,6,3106,87,666,4,0,8,0,42,26
14221,224.0,17.5,2.0,0,450,1127,16.4,11,4.8,2,7435,41,188,3,0,2,0,56,492
221018,344.0,22.6,4.0,14,841,302,26.2,2.2,9.3,4,2434,9,47,2,0,4,0,39,106
254660,526.0,12.2,2.0,37,145,819,85.6,7.2,19.3,10,5619,111,103,5,1,13,1,104,272
218593,453.0,17.7,4.0,9,443,615,62.3,11.5,17.1,4,6989,36,203,5,0,8,0,205,61
277085,626.0,19.2,3.0,0.5,1184,705,97.3,8,17.6,8,1338,29,162,9,1,13,0,96,299
239700,288.0,4,1.0,3,518,429,53.7,4,9.7,9,636,12,38,3,1,6,0,38,150
216542,241.0,5.4,1.0,173,370,560,25.1,3.1,23.4,5,1348,21,74,5,0,9,0,52,53
280859,614.0,24.5,13.0,247,877,492,60.1,3.3,37.3,2,1296,20,194,6,1,13,0,84,191
241774,630.0,24.7,12.0,65,1219,243,75.9,16.9,25.3,2,684,0,340,3,1,10,0,50,185
255596,703.0,34.8,13.0,39,509,1297,88.3,14,20.6,11,27578,57,295,6,1,11,1,268,134
241972,526.0,17.9,7.0,94,1006,351,58.4,4.5,30.6,7,738,0,202,5,1,13,0,51,152
279643,735.0,17.4,4.0,11,507,218,107.1,2.6,11.1,8,157,45,120,1,0,1,0,20,18
25315,283.0,14.6,2.0,0,299,489,34.4,3.2,5.2,3,222,6,32,3,0,7,0,25,94
25267,68.0,3.2,0.0,0,99,520,9.2,2.6,2.8,3,555,16,34,1,0,3,0,37,34
65361,223.0,17.5,3.0,9,796,57,11.8,2.5,6.2,2,365,2,160,2,0,2,0,11,14
82031,297.0,8.7,5.0,20,508,227,46.9,2,8.3,23,802,10,217,3,0,1,0,18,15
279881,312.0,14.9,5.0,16,393,173,32,1,10.5,1,354,3,83,1,0,2,0,10,12
90209,106.0,4.8,1.0,0.5,120,142,12.3,3.5,4.2,5,1537,15,23,1,0,2,0,21,43
141869,92.0,4.2,1.0,0,147,510,12.6,2.3,3.8,1,17221,135,155,2,0,2,0,38,33
14105,210.0,15.8,3.0,6,210,252,13.6,4.2,5.5,2,825,19,125,2,0,2,0,31,43
229461,261.0,18.8,5.0,91,343,303,14.3,1.8,9.9,3,403,16,185,2,0,3,0,26,54
61562,153.0,9.5,4.0,17,330,271,9.3,1.6,8.4,3,956,12,218,1,0,2,0,19,23
18412,81.0,6.8,1.0,0,3,56,4.6,0.3,0.9,0,1,4,25,0,0,0,0,4,0
31740,249.0,12.1,6.0,76,670,989,23,5.8,14.3,12,5619,20,290,3,0,7,0,100,115
18034,369.0,17.5,7.0,34,809,543,39.2,3.5,15.6,6,728,6,270,3,0,6,0,32,62
52705,124.0,5.6,3.0,11,45,280,19,3.1,3.3,3,391,7,21,1,0,2,0,39,48
14093,7.0,0.1,0.0,0,3,75,1.6,0.4,0.3,0,212,6,2,0,0,0,0,4,5
25259,411.0,19.9,12.0,59,876,754,45.6,3.4,13.5,4,580,24,283,1,0,5,1,57,24
148638,159.0,8.5,3.0,13,495,266,16.3,2.9,4,11,978,11,70,3,0,1,0,17,34
74654,591.0,35.5,14.0,46,805,86,56.3,6.6,12.6,1,1067,16,25,2,0,4,0,28,105
246655,192.0,12.9,2.0,3,1109,1174,16.7,10.8,6.3,2,8965,37,222,4,0,2,0,63,486
25263,180.0,15.8,8.0,31,331,248,9.6,3.9,2.2,3,1143,19,46,1,0,1,0,29,42
88698,270.0,9,5.0,23,631,441,34.2,3.1,12.2,12,663,2,299,2,0,7,0,41,66
111658,174.0,0.4,0.0,0,90,919,39.1,5.3,4.7,2,233,43,48,2,0,3,1,52,37
274769,310.0,21.9,8.0,38,681,514,13.6,4.8,16.6,4,1078,20,490,1,0,5,0,42,46
228768,211.0,10.2,2.0,93,300,95,22.6,1.2,6.9,1,268,2,45,2,0,3,0,15,62
218370,415.0,31.2,9.0,37,406,320,17.8,1.7,16.8,3,1280,13,467,1,0,5,0,31,51
18251,214.0,6.3,4.0,18,897,80,28.1,1.4,10.2,1,162,0,230,2,0,4,0,22,76
229117,481.0,20.2,4.0,7,236,741,57.2,7.5,13.9,4,479,27,212,4,0,5,0,72,149
78554,300.0,26.9,17.0,91,211,552,12.3,3.6,6.8,2,434,14,175,1,0,2,0,27,34
229584,150.0,9.4,2.0,9,103,518,12.5,2.9,6.1,6,922,30,155,1,0,2,0,35,52
20945,77.0,5.6,1.0,0,239,200,6.7,2.2,1,4,3477,31,12,0,0,1,0,12,15
268832,271.0,6.8,1.0,10,1540,559,43.3,5.2,12.3,5,6834,55,173,3,0,2,0,80,60
253160,916.0,61.4,10.0,6,808,1997,65.7,16.1,20.4,11,26762,213,556,9,0,7,1,185,364
146711,263.0,12.1,3.0,37,806,321,17.6,5,19.3,3,788,23,80,2,0,9,0,27,14
271052,258.0,0.9,0.0,0,320,992,47.7,10.8,15.6,4,946,5,183,8,0,3,0,103,131
256060,328.0,2.6,1.0,0.5,864,461,58.9,8.9,16.9,8,9251,82,134,4,0,5,0,42,100
266802,407.0,13.6,2.0,0,89,936,56,17.2,18.3,3,3763,42,100,3,0,4,0,99,327
279886,332.0,13.6,4.0,68,1538,342,31.7,2,19.5,4,2716,8,137,3,0,4,0,41,109
241061,356.0,14.4,5.0,38,1532,763,31.9,3.8,16.5,8,265,23,81,3,0,6,0,46,39
272553,515.0,36.2,16.0,99,917,861,23.8,2.3,24.7,3,4007,34,137,3,0,10,1,56,34
246070,378.0,18.5,4.0,20,503,845,36.2,13.4,17.8,1,449,15,103,5,1,6,0,95,316
273249,532.0,26.6,9.0,128,848,357,49.4,5.1,26.5,5,4083,37,143,4,0,3,0,40,40
262201,399.0,6.3,1.0,0,1667,782,68.5,17.5,18.7,13,8657,28,215,8,0,5,0,76,152
258864,403.0,23.2,10.0,118,1829,308,10,0.6,36.7,5,622,4,286,1,0,14,0,34,19
234125,323.0,14,8.0,45,1020,334,32,3.3,17.5,22,1894,10,484,2,0,3,0,33,12
273253,371.0,17.6,7.0,55,1656,420,33.7,3,19.7,5,3885,16,124,3,0,4,0,40,75
16797,249.0,8.9,4.0,22,542,763,27.7,4.4,12.4,10,5296,52,121,2,0,5,0,36,44
16821,449.0,27.7,12.0,176,1364,981,18.8,5.8,30.6,3,3518,10,354,5,0,13,0,57,253
22573,342.0,15.3,3.0,186,531,853,42.2,4.5,10.3,4,249,27,44,2,0,5,1,52,48
239635,560.0,32.2,15.0,91,826,1473,50.5,6.7,20,3,11169,125,163,4,1,9,1,90,63
12904,199.0,11.3,2.0,10,121,101,18.5,2.1,6.6,1,1608,25,30,4,0,2,0,4,5
229506,348.0,10.4,2.0,6,916,725,48.9,9.9,15.9,10,2934,35,199,4,0,5,0,84,160
101494,418.0,22.4,4.0,14,1603,1036,41.8,3.6,14.8,5,9618,68,245,4,0,5,0,107,51
234932,513.0,46.2,16.0,114,569,324,4.7,0.4,20.9,2,174,3,46,1,0,7,0,22,7
261960,536.0,11.1,3.0,59,1824,850,80.4,7.5,28,16,816,5,90,6,0,19,1,92,208
21740,380.0,5.9,1.0,0,514,497,70.3,4.7,12,9,146,13,64,4,1,9,0,61,200
189535,275.0,4.6,2.0,14,80,183,44.7,1.8,12.8,2,180,0,143,2,1,7,0,37,140
11791,601.0,27.7,8.0,163,832,371,57.7,2.4,28.4,2,231,0,184,4,1,14,0,57,197
22252,511.0,26.6,12.0,106,834,533,40.4,3.3,25.9,9,717,2,266,3,1,13,0,57,114
24076,252.0,8.5,3.0,34,1535,597,28.9,2.9,15.4,6,415,9,35,3,0,8,0,44,85
11732,358.0,10.2,2.0,27,69,246,45.5,3.2,19.5,2,352,25,46,3,1,13,0,43,136
260061,653.0,12.8,2.0,0,410,1534,118.6,18.5,20.6,19,439,33,140,7,1,16,1,139,373
237324,391.0,19.6,8.0,46,723,299,35,1.3,18,6,717,0,276,2,0,8,0,41,99
49227,558.0,27.5,12.0,126,540,793,34.2,1.3,42.2,2,1439,32,353,33,0,11,0,33,45
12057,936.0,34.1,17.0,126,1899,856,94.2,10.1,60.4,8,4695,50,546,6,1,27,1,110,236
260579,692.0,17,2.0,0,305,966,113.2,10,24,3,17238,138,204,7,1,28,3,119,405
277017,649.0,23.6,9.0,120,664,968,72.3,6.8,37.7,3,1539,18,282,8,1,19,1,97,195
263397,526.0,8.9,4.0,112,252,374,86.3,4.2,25.9,4,397,7,68,6,0,11,0,74,227
277133,523.0,24.6,13.0,61,958,390,50.8,3.4,23.6,4,1248,7,256,3,1,11,0,57,161
11680,554.0,28.6,14.0,225,1271,410,46.1,3.1,27.5,2,1022,8,177,4,1,11,0,56,162
241945,656.0,26.7,4.0,98,2373,1020,52.8,6.6,52.9,8,6104,82,77,4,0,30,1,518,101
268053,1179.0,82.7,20.0,104,3124,668,79.6,8.3,32,12,590,4,218,5,1,13,0,78,200
279538,746.0,32.4,10.0,243,603,807,85.9,10,29.6,1,494,13,304,6,1,14,0,97,335
11989,369.0,25.9,14.0,76,406,241,18.1,1.5,16.1,1,4716,2,429,2,0,5,0,50,99
168579,587.0,20.2,4.0,0,930,622,87.1,7,16.2,33,6450,53,87,3,1,11,0,87,190
214575,694.0,20,11.0,85,609,886,93.3,6.7,29.5,8,1526,20,188,7,0,12,0,107,254
276248,373.0,7.2,2.0,6,157,374,69.5,10.2,14.2,2,3694,40,141,2,0,2,0,44,81
11724,793.0,43.1,12.0,85,455,630,67.3,3.6,31.8,5,155,4,37,5,1,18,0,72,215
269771,748.0,36.2,22.0,124,87,383,90.1,5.3,19.5,7,226,36,65,4,1,12,0,70,279
214576,399.0,20.2,5.0,19,239,210,42.7,1.9,10.8,2,326,5,21,2,1,7,0,35,139
11819,383.0,12.1,5.0,59,1114,367,41.2,2.9,25.2,6,253,1,36,3,1,11,0,45,120
11772,524.0,30.9,13.0,145,1587,731,31.9,2.9,29.6,7,1043,16,202,4,0,12,0,59,99
213636,619.0,26.3,14.0,134,1674,568,53.2,2.6,40.2,5,995,3,86,4,1,26,1,73,151
62212,455.0,14.4,6.0,70,213,539,47.9,3.3,32.2,4,1011,10,205,3,1,20,1,70,156
12040,273.0,1.3,0.0,0,716,606,55.9,5,10.3,6,1139,19,59,4,1,8,0,60,154
23711,326.0,13.6,6.0,53,671,250,28.6,1.4,21.4,2,743,20,153,2,0,10,0,36,82
263413,486.0,9.3,1.0,80,160,641,77.5,5.4,22.4,7,2109,51,75,6,1,12,0,84,257
275528,519.0,15.2,8.0,48,509,493,65.6,3.7,29.6,3,1076,22,632,3,1,12,0,71,200
189576,491.0,8.3,3.0,120,876,1192,65.9,11.5,42.4,11,1804,22,199,7,0,24,1,117,49
240284,535.0,14.8,9.0,45,1646,637,73.4,5.7,25.9,9,1790,44,510,7,1,11,0,73,206
242035,628.0,40.1,17.0,139,1260,327,41,2.3,26.6,7,273,1,75,2,0,7,0,39,105
212496,661.0,30.1,13.0,107,919,818,64.6,6.7,32.5,15,780,3,55,5,0,17,1,77,127
277123,495.0,31.6,14.0,237,333,333,26,1.5,24.1,2,1252,16,88,4,0,10,0,54,84
231233,729.0,39.3,19.0,131,1451,534,55.3,2.8,38,5,747,1,351,5,0,15,0,69,138
202881,875.0,37.5,11.0,175,932,918,68.1,5.1,54.1,7,1676,38,119,9,1,32,1,99,206
234636,558.0,22.7,8.0,49,1055,588,62.6,3.9,23.7,6,896,17,141,5,1,12,0,59,187
257380,488.0,10.8,3.0,213,334,317,74.8,3.2,20.7,3,245,0,45,4,1,13,0,59,259
266888,555.0,21,3.0,3,130,613,76.8,4.9,15.6,3,1741,27,140,4,1,11,0,84,282
278239,605.0,25.7,5.0,131,720,300,70.9,3.5,22.5,12,365,5,46,4,1,12,0,62,184
266525,371.0,7.9,2.0,99,144,333,57.8,2.8,16.7,3,151,1,106,3,1,10,0,49,195
94754,1046.0,52.4,8.0,87,930,599,106.5,5.4,35.9,5,533,7,387,8,1,18,0,102,314
255389,515.0,20.6,3.0,0,251,1196,74,15.3,19.7,7,2041,237,244,8,1,11,1,112,298
12002,435.0,17.5,7.0,111,373,539,45.4,4.3,22.8,3,321,20,41,5,1,11,0,60,150
204324,531.0,27.6,9.0,61,1763,196,43.9,4.6,25.9,2,1166,34,29,2,0,3,0,36,110
241968,297.0,8.2,1.0,0,1326,173,47.3,5.9,8.8,6,1421,13,25,3,0,4,0,27,96
239549,735.0,35.2,11.0,48,1077,632,77.2,4,29.3,4,573,23,271,4,0,5,0,841,23
142709,329.0,11.1,2.0,0,883,441,47.5,9.9,11.9,5,761,25,64,4,0,5,0,47,140
237540,650.0,35.6,8.0,22,626,681,61.5,4.4,25.1,8,691,25,348,5,0,4,0,667,46
263381,524.0,22,10.0,122,1093,924,63.3,5.5,20.2,13,1590,31,83,6,1,10,0,81,169
265334,418.0,16.1,6.0,31,417,593,50,4.6,18.9,3,1646,39,380,4,1,9,0,78,196
257474,387.0,11.6,4.0,26,720,101,53,4.1,17.5,0,77,0,117,0,0,3,0,9,3
24079,314.0,18.3,11.0,46,313,113,31.3,1,7.2,1,532,0,6,1,0,0,0,401,1
264948,519.0,17.2,6.0,218,479,305,65,2.8,24.4,3,307,0,198,4,1,12,0,57,227
262974,688.0,25.3,9.0,27,310,573,91.9,7.2,25.5,6,1373,27,210,7,1,15,0,89,328
264441,764.0,12.1,2.0,119,257,1551,95.6,4.5,60.8,4,2534,66,217,54,1,26,0,107,352
180525,442.0,12.8,4.0,72,671,758,47.6,8.5,34.8,13,727,19,213,4,0,17,1,107,49
241710,457.0,9.3,2.0,348,605,581,40.7,3.4,45.3,3,507,10,135,8,0,17,0,76,66
244755,257.0,14.5,5.0,46,55,160,26.6,2.6,6.5,2,208,7,18,2,0,3,0,31,106
263416,744.0,29.6,4.0,152,338,440,85.4,4.1,31.5,3,732,8,82,7,1,17,0,94,276
214777,604.0,28.5,11.0,122,110,831,47.4,3.3,38.8,2,8,17,61,4,0,12,1,70,126
266511,487.0,37.8,22.0,125,265,274,29.7,2.5,9.5,2,1916,7,163,2,0,4,0,19,49
262393,715.0,29,16.0,100,451,501,89.8,5.4,25,3,2278,42,122,5,1,16,0,83,294
272877,757.0,36.9,8.0,22,1518,1316,86.9,15.1,20.9,26,2173,17,371,8,1,16,1,105,201
231873,54.0,3.2,1.0,4,106,299,3.7,1.5,3.9,2,2200,13,179,1,0,1,0,38,71
228040,157.0,10.9,3.0,10,316,340,8.8,2.1,7.1,4,2078,16,215,1,0,2,0,25,50
46168,248.0,21.1,2.0,3,462,257,13.2,3.7,3.6,5,5528,44,66,1,0,1,0,17,80
16960,448.0,35.7,16.0,90,875,277,6.2,1.2,25.9,2,1408,26,593,1,0,10,0,33,35
14155,332.0,25.2,9.0,45,448,494,9.1,2.2,18.8,6,1910,23,574,1,0,5,0,37,34
15618,110.0,9.4,1.0,0,15,258,6.5,1.7,1.2,3,2600,38,27,1,0,1,0,14,61
216641,383.0,29.1,13.0,74,1783,323,7.9,1.6,21.7,2,897,16,323,1,0,5,0,23,12
232093,236.0,5.6,1.0,0.5,9,245,39.6,2.3,7.7,3,397,11,29,2,0,3,0,40,128
14385,400.0,24.8,4.0,3,1904,298,39,3.6,7.9,8,1426,79,54,3,0,1,0,14,23
228126,580.0,38.8,18.0,89,331,400,34.8,1.8,22,32,2226,19,692,2,0,1,0,19,24
73963,443.0,32,9.0,39,836,259,25.4,3.8,15.9,3,998,35,242,3,0,5,0,43,23
222659,199.0,15.2,5.0,24,338,261,6.2,1.1,10.1,4,1032,12,311,1,0,3,0,20,18
222750,371.0,21,7.0,46,1893,210,29.2,1.6,15.2,5,253,11,61,2,0,6,0,24,71
206441,415.0,25.9,8.0,53,729,73,30.3,2.6,17,2,184,6,183,1,0,2,0,9,6
104806,225.0,17.9,8.0,39,152,110,5.4,0.5,9.4,3,688,8,295,1,0,0,0,5,7
14278,451.0,29.1,8.0,37,978,267,33.2,2.8,15,4,929,25,183,2,0,4,0,30,88
279898,405.0,28.5,13.0,73,748,434,8.6,1.7,28.9,5,1960,18,911,1,0,7,0,44,34
258123,254.0,19.1,9.0,45,568,237,8.4,1.1,11,7,1204,33,341,1,0,1,0,12,14
280772,485.0,33.8,8.0,31,963,261,32.2,2.2,13.9,2,808,16,103,2,0,5,0,31,84
16145,348.0,18.9,3.0,0,17,988,40.7,5.2,4.8,2,215,49,33,2,0,4,1,54,41
238919,329.0,27.4,11.0,45,486,361,5.9,1.8,10.4,4,1373,19,20,4,0,1,0,23,24
222929,128.0,10.5,1.0,0,8,413,8.1,2.1,1.6,5,1280,21,27,0,0,1,0,22,27
242506,434.0,28.9,9.0,36,746,350,31.1,4.2,19,5,1393,15,486,3,0,6,0,29,25
255288,625.0,26.5,9.0,255,1266,425,65.7,3.5,29.7,3,3650,13,291,6,1,13,0,57,199
14451,527.0,33.1,9.0,58,1762,297,38.8,2.1,18.9,9,725,26,163,2,0,7,0,33,87
239053,746.0,45.8,8.0,9,927,500,68.4,4.2,17.5,3,1025,29,168,5,1,9,0,50,179
238221,308.0,15.7,4.0,19,771,221,32.5,2.4,10.7,4,2119,9,89,2,0,4,0,28,84
11752,354.0,30.9,5.0,14,702,143,17.7,1.5,3.4,2,460,27,24,1,0,2,0,15,47
216464,259.0,22.7,5.0,16,445,310,9.8,1.7,5.2,5,2488,19,163,1,0,1,0,28,58
221082,189.0,7.4,1.0,0,456,215,27.6,2.5,4.8,4,424,25,40,2,0,2,0,24,72
228039,346.0,28,12.0,60,167,207,7.4,1.1,14.4,6,1265,11,446,1,0,1,0,11,13
275347,333.0,14.5,5.0,86,1117,650,3,0.8,45.5,1,530,8,176,14,0,17,1,65,35
228127,233.0,12.3,6.0,30,273,105,18.9,1.1,10.7,2,738,4,242,2,0,2,0,15,52
14166,424.0,10.3,2.0,6,485,356,68.9,5.6,15.6,3,547,11,139,3,0,6,0,60,206
16141,181.0,0.7,0.0,0,238,243,38.1,2.8,5.4,6,311,17,15,1,0,2,0,26,16
45269,165.0,5.8,1.0,0,159,860,28.3,9.8,4.1,18,307,6,34,1,0,3,0,55,60
133748,170.0,13.6,5.0,18,256,357,7.8,3.3,7.2,3,741,7,126,2,0,4,0,31,52
86975,355.0,11.9,2.0,0,172,75,52.7,3.1,8.7,1,1,0,50,3,0,4,0,32,126
74942,363.0,30.2,9.0,24,572,701,10.8,3.9,15.5,3,993,38,525,3,0,2,1,67,72
83033,218.0,5.9,3.0,11,1090,54,29.7,3.2,11.3,1,1118,18,151,1,0,3,0,19,54
222689,463.0,8.8,3.0,15,479,378,80.6,10.8,21.4,2,769,15,249,5,0,10,0,153,90
213646,219.0,18.1,8.0,33,333,397,9,3.7,9,3,1387,15,44,4,0,3,0,49,87
22711,304.0,10.6,1.0,0,52,1136,50.4,9.3,5.5,9,16098,34,83,4,0,3,1,49,64
22639,272.0,9.3,5.0,31,873,347,27.6,2.1,20.5,4,429,8,344,2,0,6,0,37,75
9484,582.0,33.8,14.0,273,1785,290,31.6,1.4,36.2,4,606,1,589,4,0,11,0,40,94
222007,360.0,20.2,11.0,60,431,564,25.5,5.4,17.9,7,1043,41,498,2,0,2,0,34,54
228965,352.0,29.4,6.0,8,1964,624,19,8,7.8,2,1317,38,182,3,0,2,0,93,111
259336,272.0,17.2,3.0,0,527,1086,20.9,5.4,8,9,13889,73,139,6,0,3,0,225,51
276701,218.0,12.9,3.0,6,453,112,21.1,3.5,5,1,399,7,52,3,0,1,0,12,26
268956,446.0,12.1,7.0,39,1504,292,62.6,2.1,14.5,3,2069,10,264,2,0,2,0,33,10
81976,418.0,28,4.0,8,967,323,33,9,13.9,0,125,22,133,2,0,3,0,54,66
229240,251.0,10.5,6.0,28,824,34,25.3,7.8,13.4,3,505,5,222,3,0,1,0,8,2
35351,970.0,69,14.0,96,369,522,46.2,2.9,42.6,5,1600,18,101,4,0,19,0,66,118
234933,291.0,14.7,8.0,33,1186,15,31,2.7,9.2,2,997,12,202,4,0,1,0,8,1
148889,165.0,13.4,5.0,17,202,268,4.9,1.1,2.3,1,3660,20,67,1,0,1,0,52,11
11695,317.0,10.3,2.0,0.5,234,326,47.6,3.8,10.2,4,536,67,56,2,0,4,0,47,169
232211,169.0,8.3,3.0,10,173,99,17.1,1.1,6.1,1,230,3,118,1,0,2,0,17,54
276427,269.0,24.6,3.0,0.5,332,83,8.1,3.8,7,2,7469,107,65,3,0,1,0,28,7
269251,141.0,6,4.0,15,593,239,21.4,2.6,1.8,14,180,11,43,0,0,1,0,15,29
264481,258.0,15.8,9.0,63,563,482,15.7,2.3,14.5,1,595,26,48,1,0,7,0,34,16
228747,237.0,11.7,4.0,20,581,240,24,2.1,10,2,520,29,73,2,0,4,0,26,71
276585,165.0,9.5,1.0,0,0.5,317,20.1,4.2,1.7,0,388,90,71,0,0,1,0,18,54
223577,435.0,18.8,7.0,43,911,752,39.1,14.6,29.3,4,1259,6,300,7,0,6,0,87,343
280923,243.0,17.3,7.0,36,882,316,12.1,3.3,10.8,3,310,42,24,1,0,1,0,17,40
232211,169.0,8.3,3.0,10,173,99,17.1,1.1,6.1,1,230,3,118,1,0,2,0,17,54
220892,304.0,14.8,3.0,4,360,128,35.5,3,8.2,3,393,6,71,2,0,3,0,27,90
109840,264.0,15,4.0,12,452,293,24.5,3.1,8.8,2,2522,24,128,2,0,3,0,36,62
41490,383.0,27.3,6.0,31,615,458,26.1,3.5,11.2,3,7187,43,176,2,0,1,0,59,128
264339,402.0,19.7,5.0,17,506,126,48.2,2.9,10.2,7,813,25,112,1,0,1,0,15,30
280932,272.0,23.4,6.0,28,888,231,9,2.9,8,2,326,43,73,1,0,1,0,12,35
